name	level	heat	longitude	latitude
故宫	5A	1	116.403347	39.922148
八达岭长城	5A	0.82	116.03293	40.369733
户部巷		0	114.30429	30.552322
秦始皇陵博物院（兵马俑）	5A	0.88	109.266029	34.386024
拙政园	5A	1	120.635191	31.330583
沈阳昭陵（北陵公园）	4A	0.82	123.434063	41.85812
颐和园	5A	0.82	116.276887	39.999497
西递村	5A	0.7	118.003549	29.91024
都江堰	5A	1	103.620123	31.006855
台儿庄古城	5A	0	117.747047	34.563186
横店影视城	5A	1	120.345446	29.162213
南京总统府	4A	0.8	118.803688	32.049877
武隆天坑地缝国家地质公园	5A	0	107.773314	29.423324
青城山	5A	0.96	103.578829	30.903727
宏村	5A	0.78	117.995474	30.010385
什刹海	4A	0.78	116.390595	39.949373
黄鹤楼	5A	1	114.309047	30.550272
峨眉山	5A	1	103.342036	29.522835
同里古镇	5A	0.8	120.725441	31.163773
黄山风景区	5A	1	118.193977	30.097967
乐山大佛	5A	0.82	103.779093	29.550402
布达拉宫	5A	1	91.125491	29.660076
慕田峪长城	5A	0.7	116.57035	40.437612
圆明园	4A	0.76	116.314607	40.01629
华清宫	5A	0.9	109.218903	34.369881
西安城墙	4A	0.82	108.953364	34.256023
虎丘	5A	0.8	120.587069	31.341637
天坛公园	5A	0.8	116.417313	39.887976
恭王府	5A	0.74	116.393097	39.942341
塔尔寺	5A	1	101.576298	36.494459
张家界国家森林公园	5A	0.94	110.459244	29.336908
槟榔谷黎苗文化区	5A	0.72	109.677278	18.466556
西安钟楼		0.7	108.95344	34.265657
泰山	5A	1	117.12107	36.247343
寒山寺	4A	0.88	120.574213	31.316189
蓬莱阁	5A	1	120.760473	37.832144
丽江古城	5A	1	100.240547	26.881159
乌镇	5A	1	120.494465	30.754749
成都杜甫草堂	4A	0.86	104.036061	30.666089
刘公岛	5A	1	122.147601	37.499885
周庄	5A	0.9	120.854425	31.120241
古北水镇		0	117.267356	40.650895
春秋淹城遗址公园	5A	0	119.931405	31.709256
司马台长城	4A	0.76	117.284641	40.660322
西塘古镇	5A	0.84	120.89521	30.945875
灵山大佛	5A	1	120.102895	31.436399
中山陵	5A	1	118.860335	32.063934
灵山小镇拈花湾		0	120.079209	31.419262
嘉峪关	5A	0.84	98.22983	39.813112
大明宫国家遗址公园	4A	0.72	108.968257	34.309657
西江千户苗寨	4A	1	108.18029	26.500009
避暑山庄	5A	1	117.940068	41.002781
胡里山炮台	4A	0.84	118.113008	24.435089
龙虎山风景区	5A	0.7	116.999461	28.090447
黄帝陵	5A	1	109.280487	35.587062
龙门石窟	5A	1	112.479566	34.564212
阆中古城	5A	1	105.977638	31.580898
大报恩寺遗址公园		0	118.787634	32.015811
平遥古城	5A	1	112.190081	37.21041
黄龙溪古镇	4A	0.7	103.977315	30.324457
雁门关	5A	0.72	112.894892	39.168842
无锡长泾老街		0	120.488005	31.756651
云水谣土楼群		0	117.101623	24.662736
天下第一关（山海关）		0.74	119.768109	40.012102
黄花城水长城	3A	0.7	116.31954	40.417497
山海关老龙头景区		0.76	119.805028	39.975207
西湖	5A	1	120.153384	30.236492
法门寺	5A	1	107.909964	34.430433
少林寺	5A	0.86	112.948713	34.512389
仰口游览区		0	120.672997	36.242339
乌镇老邮局		0	120.487982	30.756204
日光岩		0.86	118.073974	24.448579
大小洞天	5A	0.78	109.186963	18.307148
千年瑶寨		0	112.310135	24.587098
杭州飞来峰		0.72	120.107258	30.243005
南浔古镇	5A	0	120.435533	30.875529
恩施土司城	4A	0.88	109.478573	30.307085
山西王家大院	4A	0.82	111.881551	36.902417
八达岭古长城（残长城）	3A	0	115.994028	40.348353
夫子庙	5A	0.88	118.795398	32.026977
宁乡炭河古城		0.7	112.4300143	28.1885963
象山景区	5A	0.7	110.302339	25.274549
沙家浜	5A	0.72	120.807985	31.559447
崇圣寺三塔	5A	0.86	100.149535	25.710163
德云社相声大会广德楼店		0	116.398268	39.900822
芦笛岩	4A	0.76	110.279143	25.316464
五公祠	3A	0.78	110.367468	20.012936
明孝陵	5A	0.86	118.84258	32.056109
八大处公园	4A	0.72	116.190163	39.967956
西安半坡博物馆	4A	0.7	109.057557	34.279342
桂林两江四湖景区	5A	0.7	110.298547	25.257801
滕王阁	5A	1	115.888564	28.686101
云冈石窟	5A	1	113.139454	40.117323
青岩古镇	5A	0.82	106.695326	26.339051
武当山	5A	1	111.102943	32.511746
周庄一日游		0	120.854425	31.120241
千佛山	4A	0.86	117.041792	36.644733
朝天吼漂流	4A	0.7	110.932417	31.203526
大召寺	3A	0.9	111.660429	40.80594
黄姚古镇	4A	1	111.209664	24.254288
奥林匹克塔		0	116.399387	40.014739
大足石刻	5A	0.78	105.716678	29.718935
景洪曼听公园	4A	0.86	100.814267	21.998503
开封府	4A	0.96	114.353429	34.796032
敦煌阳关景区	4A	0.74	94.060458	39.941283
中国非物质文化遗产园	4A	0	117.124676	32.00893
西安鼓楼		1	108.949903	34.266395
敦煌莫高窟		0.9	94.77389	40.167452
东方盐湖城・道天下		0	119.347573	31.77078
武夷山	5A	1	117.992764	27.631146
明十三陵	5A	0.72	116.234094	40.300017
火焰山景区	4A	0.84	89.536075	42.951144
昆明西山龙门景区	4A	0.74	102.640355	24.964658
木府		0.78	100.241109	26.875004
大昭寺	5A	0.92	91.140356	29.65617
花山谜窟	4A	0.7	118.395974	29.750068
镇江金山	5A	0	119.422532	32.225542
乔家大院	5A	0.94	112.44405	37.41108
五台山	5A	1	113.596375	38.984397
成都武侯祠	4A	0.9	104.054421	30.652343
水洞沟旅游区	5A	0.82	106.525497	38.289477
四季周庄		0	120.852832	31.121099
韶关丹霞山	5A	1	113.745153	25.0304
巴王寨		0	111.170813	30.805766
瓷房子	3A	0.82	117.202575	39.124825
七里山塘	4A	0.74	120.609739	31.322922
悬空寺	4A	0.86	113.723762	39.667706
乌镇西栅		0	120.493068	30.755595
南京中国科举博物馆（江南贡院）		0.72	118.796813	32.028209
大相国寺	4A	0.92	114.360997	34.79778
龙门水都		0	108.265236	22.891265
三孔	5A	0.86	116.996485	35.597878
宽窄巷子		0.94	104.062325	30.669367
刘氏庄园	4A	0.7	103.634052	30.510959
大慈恩寺（大雁塔）	5A	0.72	108.970566	34.222777
清东陵	5A	1	117.712436	40.136521
伪满皇宫博物院	5A	0.92	125.355927	43.911781
瓦屋山	3A	1	102.998884	29.684073
溪口景区	5A	0.9	121.22742	29.687265
太白碑林		0	104.699002	31.675048
独秀峰王城景区	5A	0.72	110.305678	25.289462
九华山	5A	1	117.810454	30.488263
婺源篁岭	4A	0	118.127595	29.339174
隋唐洛阳城明堂天堂景区		0	112.464474	34.686965
一寨两国		0	97.802071	23.961167
凤凰古城	4A	1	109.607088	27.953295
五爷庙		0	113.6086354	38.98317309
曲阜孔庙		0	116.996346	35.598318
古徽州文化旅游区	5A	0	118.308664	29.863671
台北故宫博物院		1	121.548493	25.10234
朱家花园	4A	0.82	102.833826	23.622492
乌镇东栅		0	120.503219	30.747083
乾陵	4A	1	108.226308	34.577233
贺兰山岩画	4A	0.9	106.032253	38.742232
卢浮宫		1	2.354419796	48.86164903
沈阳故宫	4A	0.7	123.462202	41.804471
肇庆龙母庙	4A	0.72	112.141314	23.098675
杜甫江阁		0	112.975371	28.190587
珍宝馆		0	116.403413	39.921947
高家大院		0.74	108.94997	34.269155
南京阅江楼	4A	0.78	118.75312	32.099764
荣国府	4A	0.74	114.585705	38.153502
普陀宗乘之庙	4A	0.72	117.955153	41.013316
南风古灶旅游区	4A	0	113.083642	23.011112
两江国际影视城（民国街）		0	106.828801	29.691352
黄龙风景区	5A	0.74	103.839798	32.75533
洪洞大槐树	5A	1	111.681287	36.275181
朝天门		0	108.645189	31.029858
岭南印象园	4A	0.74	113.411898	23.041453
青岛德国监狱旧址博物馆	3A	0	120.335185	36.067216
盘门	4A	0.78	120.622528	31.293535
美龄宫		0	118.8524292	32.05200358
张氏帅府	4A	0.8	123.464684	41.800237
安仁古镇		0	103.62469	30.512966
毛泽东同志故居	4A	0.78	112.49848	27.910957
澳门威尼斯人度假村		0.94	113.571859	22.150543
采石矶	4A	1	118.466567	31.656788
居庸关长城	4A	0.72	116.081732	40.295477
东方威尼斯水城		0	121.68456	38.927648
南靖土楼群		0	117.293053	24.668803
黟县卢村木雕楼景区		0	117.983587	30.020204
李鸿章故居	4A	0.82	117.297814	31.870344
周城		0.72	100.1803	25.698063
夫子庙大成殿		0.7	118.795346	32.026901
三星堆	4A	1	104.22944	31.007071
大理古城		0.96	100.170462	25.693527
张学良故居		0.72	117.208314	39.129747
张掖大佛寺	4A	1	100.46267	38.936969
鼎湖山	4A	0.86	112.561202	23.165899
瑶里	4A	0.98	117.588075	29.547307
湖广会馆	4A	0.72	106.593781	29.564524
五当召	4A	0.78	110.320996	40.797434
大观楼	4A	0.8	102.680412	25.030081
金佛山	5A	0.72	107.207362	29.104603
古堰画乡		0.72	119.751846	28.302032
木渎古镇	4A	0.76	120.512729	31.260181
大明寺	4A	0.76	119.419311	32.425243
竹泉村	4A	0	118.444301	35.653863
刘伯温故里旅游景区―百丈T		0	120.030207	27.852205
胡雪岩故居		0.72	120.179401	30.242803
龙亭公园	4A	0.86	114.359797	34.814381
南屏古镇	4A	0.72	117.910234	29.905838
建水小火车		0	102.837955	23.628677
普宁寺	4A	0.74	117.958959	41.022896
岳阳楼―君山岛景区	5A	1	113.013372	29.3586
王村芙蓉镇		0.7	109.95547	28.751383
雪浪山生态景观园	3A	0	120.268999	31.462488
伏曦太昊陵	4A	0.7	114.893598	33.753932
库车王府		0.7	82.928669	41.725384
朱家角古镇	4A	0.72	121.061605	31.116917
嘉兴南湖旅游区	5A	0.72	120.765594	30.761514
定陵		0.72	116.233071	40.30027
勐泐大佛寺	4A	0.76	100.8137552	21.96954024
东莞观音山旅游风景区	4A	0.76	114.103413	22.911516
红螺寺	4A	0.7	116.631693	40.380966
虎山长城	4A	0.76	124.528379	40.232817
青岩寺		1	121.633058	41.467058
牌坊群鲍家花园	5A	0	118.378696	29.868063
f直古镇	4A	0.72	120.878241	31.276029
意式风情街		0	117.206871	39.140884
白庙	3A	0	99.76315597	19.82427256
上海城隍庙		0.76	121.4991215	31.23140901
东山风动石	4A	0.74	117.541012	23.742962
殷墟	5A	0.94	114.315893	36.148167
兴城古城	4A	0.84	120.718666	40.629181
香山寺		0.74	112.486647	34.560451
雍和宫		0.76	116.423433	39.954954
可邑小镇		0	103.373326	24.519569
马蹄寺	4A	0.76	100.43466	38.509348
玉门关		0.82	93.87168	40.360143
宝顶山景区		0.72	105.803535	29.757869
小雁塔		0	108.948496	34.245487
紫云谷		0	112.589086	23.136987
鸡鸣岛		0	122.489831	37.456227
荡口古镇		0	120.55571	31.532893
鲁迅故里	5A	1	120.59214	29.998469
应县木塔	4A	1	113.195365	39.571065
京西古道		0.7	116.055224	39.973156
静园-末代皇帝溥仪旧居	3A	0	117.195893	39.128964
陕州地坑院		0	111.145534	34.697394
龙门古镇	4A	0.7	119.956998	29.906072
沧浪亭		0.76	120.631982	31.300658
南普陀寺		0.92	118.103152	24.44694
叶坪革命遗址	5A	0.7	116.079721	25.912296
南泥湾革命旧址		0.7	109.677516	36.321241
特呈渔岛度假村		0	110.424925	21.195015
皇城相府	5A	1	112.588586	35.519979
恐龙遗迹园	5A	0.82	111.692795	33.23493
明月湾古村		0	120.314515	31.134916
扬州东关街历史文化街		0	119.458133	32.403549
解州关帝庙	4A	0.82	110.856919	34.913108
大同华严寺	4A	0.72	113.30328	40.098777
锦溪古镇	4A	0.72	120.905582	31.180834
石象湖	4A	0.7	103.43155	30.19131
海上田园	4A	0.74	113.780542	22.733255
大慈岩	4A	0.7	119.301811	29.333066
大皇宫		0	100.4912884	13.75003021
建水文庙	4A	1	102.830075	23.618155
军事文化遗址公园		0	120.29453	31.938848
美岱召	4A	0.74	110.716041	40.610486
101大楼		1	121.56496	25.033616
诸葛八卦村	4A	0.8	119.307214	29.252718
庆王府		0.7	117.214351	39.119385
承德大汗行宫	4A	0	115.957722	41.637289
井冈山	5A	1	114.172394	26.576456
火石寨国家地质公园	4A	0.78	105.761388	36.093087
三游洞	4A	0	111.271738	30.771731
三国赤壁古战场	5A	0	113.640833	29.883452
石浦渔港古城	4A	0.72	121.953183	29.215423
嵩阳景区		0	113.037495	34.487076
梅花洲景区	4A	0	120.85874	30.674676
张壁古堡		0.74	111.980239	36.967977
雪窦山		0.74	121.290404	29.687924
东澳岛		0.74	113.719602	22.024888
青龙山慈云寺	3A	0	113.085386	34.68706
包公祠	4A	0.92	114.345583	34.799117
夏塔景区	4A	0	80.594579	42.674563
重元寺	4A	0	120.788608	31.412087
郑国渠		0	108.638964	34.61499
关山古镇	4A	0	112.685167	28.302537
普吉镇夜市		0	98.36645467	7.880434678
洛阳白马寺	4A	0.88	112.609473	34.726745
台州府城文化旅游区（江南长城）	4A	0.74	121.129629	28.857008
天津蓟州黄崖关长城景区	4A	0.74	117.451814	40.250234
渣滓洞		0.78	106.439082	29.59244
西游记漂流		0	113.547001	32.332456
望海楼		0.7	121.136059	27.842985
求仙入海处	4A	0.72	119.628079	39.920778
庐山风景名胜区	5A	1	116.001261	29.561078
天心阁	4A	0.8	112.988272	28.190228
木兰清凉寨	4A	0.7	114.225206	31.298063
同里珍珠塔		0.7	120.7238328	31.16418489
陈家祠	4A	0.8	113.252276	23.132927
南社明清古建筑群		0	113.909952	23.073563
卓克基土司官寨		0.7	102.292064	31.866114
蒋氏故里		0.74	121.292095	29.688748
曲阜孔府		0	116.996408	35.596925
汉中马超墓		0	106.646857	33.157997
呈坎	5A	0.72	118.293031	29.928992
椰田古寨		0	109.865679	18.432287
天波杨府		0.9	114.353764	34.816973
东山岭文化旅游区	4A	0.8	110.427807	18.808458
都江堰水果侠星球		0	103.60936	30.980932
圣家族大教堂		0	2.1743558	41.4036299
安昌古镇	3A	0.82	120.502674	30.141843
洪湖生态旅游风景区	4A	0	113.210804	29.936136
张园		0	117.2045721	39.13652061
安帕瓦水上市场		0	99.9553108	13.4257831
开平碉楼		0.98	112.586516	22.376606
白帝城	4A	0.78	109.580814	31.049698
哈利法塔		0	55.27437674	25.19719639
周王城天子驾六博物馆	3A	0.74	112.449771	34.680019
中国古羌城	4A	0	103.844577	31.677731
福建土楼王（高北土楼）	5A	0	117.011006	24.668343
古城・尚书第		0.82	117.184156	26.904089
武陵源风景名胜区		1	110.487843	29.3416
七曲山大庙	4A	0.88	105.203606	31.700846
四方水上市场		0	100.9045853	12.86797335
湟川三峡	4A	0.72	112.418323	24.768381
方塔园	4A	0.7	121.253312	31.010527
周村古商城	4A	0.72	117.848444	36.807
灵谷寺		0.76	118.870637	32.048892
张厅		0.72	120.925574	31.751931
古隆中	4A	1	112.041845	31.99698
伏羲庙	4A	0.9	105.713824	34.585441
小普陀		0.74	100.230135	25.81329
塔云山	4A	0	109.047125	33.309354
罗布人村寨	4A	0.72	86.121885	41.06401
铁塔公园	4A	0.82	114.376267	34.822768
石皮弄		0	120.897872	30.950595
SkyPoint星空塔观景台		0	153.4295298	-28.00600995
查济古村	4A	0	118.067257	30.55036
南阳府衙		0	112.543726	32.998989
巴松措	5A	0.76	93.869055	29.988577
大唐贡茶院		0	119.814146	31.133572
闸坡		0	111.848297	21.574987
昆明金殿风景名胜区	4A	0	102.77558	25.089211
金门列岛		0	118.428826	24.513486
李庄古镇	4A	0.72	104.808612	28.809049
千灯古镇	4A	0.72	121.009335	31.272657
枫泾古镇	4A	0.72	121.023149	30.892415
和顺古镇	4A	1	98.461427	25.014828
函谷关	4A	1	110.932861	34.640351
白鹿洞书院		0.8	116.047449	29.523417
魏集古村落		0	117.764764	37.303931
色尔古藏寨		0	103.433727	31.928628
交河故城		0.72	89.0774	42.954298
康百万庄园	4A	0.72	112.957185	34.76884
杨家岭革命旧址	3A	0.72	109.473911	36.624323
朱山石刻		0	114.428014	36.803098
余荫山房		0.72	113.401845	23.018022
田螺坑土楼群		0.98	117.067305	24.589879
西霞口	4A	0.76	122.638932	37.417408
浮梁古县衙	4A	0.76	117.257663	29.373252
无染寺		0	121.782761	37.228493
岳麓书院		0	112.94755	28.186708
屈原故里	5A	0.74	110.992628	30.830342
勐景来	3A	0.72	100.05855	21.699909
叠彩山		0.76	110.30751	25.296191
越王楼		0	104.762706	31.475516
青木川古镇		0	105.58501	32.836984
圣莲山	4A	0.7	115.735581	39.84928
婺源风景区	5A	1	117.861924	29.247904
周口店北京猿人遗址	4A	0.7	115.935105	39.696637
拉卜楞寺	4A	1	102.512144	35.199748
新昌大佛寺	4A	0.76	120.89737	29.506979
天一阁博物馆	5A	0.72	121.545361	29.877342
中国阳明文化园		0	106.614626	26.852046
白公馆		0.8	106.431658	29.577525
广化寺		0	113.606014	39.020132
高昌故城		0.74	89.53855	42.863632
阳朔		0	110.502714	24.784504
扬州古运河	3A	0.82	119.435822	32.362876
漳州土楼群		0.7	117.101623	24.662736
灵岩寺	4A	0.72	116.990164	36.367863
曹操运兵道		0	115.785453	33.878107
旅顺胜利塔		0.7	121.24673	38.813707
韶关云门山		0	113.332853	24.819132
山海关孟姜女庙景区		0.72	119.830169	40.043153
招宝山	4A	0.74	121.731148	29.964855
沈万三故居		0	120.864508	31.118359
锦里		0.82	104.056424	30.651723
大雁塔地下宫		0	108.969204	34.224847
金山岭长城	4A	0.74	117.25213	40.692652
须弥山石窟旅游区	4A	0.94	105.997735	36.281909
杭州岳王庙		0.74	120.141477	30.258698
绍兴古城		0	120.593109	29.998241
回龙天界山生态旅游景区		0	113.614052	35.59211
龊＞		0	104.79442	29.379987
中途岛号航空母舰博物馆		0	-117.1751251	32.71373749
石家庄抱犊寨	4A	0.88	114.347321	38.084703
大三巴牌坊		1	113.552451	22.200496
徽州古城	5A	0.7	118.442455	29.871875
皤滩古镇		0.72	120.543053	28.747203
普拉多博物馆		1	-3.692126825	40.41378149
自力村碉楼群		0.76	112.586516	22.376606
关林庙	4A	0.8	112.490039	34.613008
云居寺	4A	0.7	115.785016	39.613983
五磊山	3A	0.7	121.396522	30.088921
正定隆兴寺（大佛寺）	4A	1	114.588945	38.148799
普济寺		0.78	122.37957	29.994925
真理寺		0	100.8891036	12.9727431
铁山寺国家森林公园	4A	0.9	118.483689	32.739871
党家村		0.7	110.483412	35.549951
兰州新区长城西部影视城		0	103.630289	36.466438
兴坪古镇	3A	0.78	110.532904	24.922843
怀远楼	3A	1	117.100916	24.677671
赫图阿拉城	4A	1	124.871397	41.710011
惠山古镇		0	120.280064	31.586743
噶丹松赞林寺	4A	0.9	99.712056	27.86626
龟山汉墓	3A	0.96	117.144217	34.313706
浮来山	4A	0.7	118.745159	35.606198
岳飞庙	4A	0.74	114.361069	35.926196
汉江燕翔洞生态旅游景区	4A	0	108.160561	32.800529
李坑	4A	0.86	117.936953	29.328547
独乐寺	4A	0.74	117.410073	40.05099
詹园	4A	0.76	113.337474	22.440491
广元千佛崖		0	105.852944	32.477363
束河古镇		0	100.211847	26.922349
泸定桥		0.78	102.2315573	29.91179333
中华门瓮城景区		0.82	118.788411	32.018996
广府古城	5A	0	114.732236	36.703348
洪崖丹井		0.72	115.736938	28.731557
仙桥地下河		0	113.349494	24.281674
城隍庙旅游区		0	121.499109	31.231135
桂林尧山景区	4A	0.72	110.376112	25.298585
清西陵	4A	0.86	115.352505	39.355767
汉太史司马迁祠	4A	0.7	110.418165	35.378272
千灵山		0	116.08564	39.87158
满城汉墓	4A	0.78	115.307398	38.955251
华阳古镇	4A	0	107.56913	33.575586
海南永庆寺文化旅游区		0	110.103838	19.987345
中国?周原景区		0	107.606948	34.480826
汪山土库	3A	0.7	115.916954	29.017306
清凉山	3A	0.8	109.498262	36.60855
沙湾古镇		0	113.340932	22.909438
大都会艺术博物馆		1	-73.963244	40.7794366
米公祠	3A	0.78	112.151427	32.03538
友谊关	4A	0.74	106.722212	21.979641
鹿邑太清宫		0.78	115.560438	33.86283
富春江小三峡	4A	0.7	119.66548	29.704576
岜沙苗寨		0.78	108.873228	25.726854
圆通寺	3A	0	120.636887	31.151799
铜官窑		0	112.840208	28.42495
图腾古道	4A	0.74	110.499448	24.754559
古城七十二府		0	100.6208533	13.539215
圆玄道观		0.7	113.186614	23.404291
宋庆龄祖居		0.7	110.877511	19.745748
磁器口古镇	4A	0.8	106.458175	29.585837
岱庙		0.84	117.137797	36.200222
广富林文化遗址		0	121.20174	31.063886
明道宫	4A	0	115.501255	33.866619
中国苗王城	4A	0	109.250957	27.965436
千佛洞	3A	0.7	112.146698	28.219775
栈桥		1	120.326563	36.065428
海龙屯		0.72	106.929097	27.7266137
严子陵钓台	4A	0.7	119.665525	29.703242
西津渡历史文化街	4A	0	119.436605	32.221625
普洱茶马古道旅游景区	4A	1	100.996553	22.82511
镇远青龙洞	3A	0.74	108.440226	27.055462
下司古镇		0.7	107.8104316	26.52156703
柏孜克里克千佛洞		0.7	89.547754	42.963367
士林官邸		1	121.5301354	25.09393447
慈城古县城		0.72	121.457134	29.989679
郑氏十七房	4A	0.7	121.614114	30.027024
青州古城	5A	0	118.485248	36.690079
中国渔村	4A	0.72	121.966257	29.243854
泰州凤城河景区	4A	0	119.933778	32.487871
天上王城	4A	0.92	118.371203	35.957777
南翔古镇	4A	0	121.31467	31.297407
花戏楼	4A	0.7	115.779926	33.890649
龙川风景区	5A	1	118.674492	30.081468
严家大院		0	100.138448	25.858738
桥溪古韵		0	116.375616	24.37905
天宁禅寺	4A	0.8	119.976285	31.779932
宾阳楼		0	112.222385	30.353953
曹丞相府	3A	0.86	113.83404	34.036566
六鼎山文化旅游区	5A	0	128.25024	43.32451
塔川		0.72	118.014216	30.024012
邓小平故里	5A	0.84	106.646456	30.529652
九门口长城	4A	0.92	119.757809	40.123709
小乔墓		0	113.101107	29.388857
大别山风情谷	4A	0	116.559935	31.495078
百岁宫缆车		0.76	117.811228	30.485116
梅溪牌坊		0.76	113.522515	22.291417
泰宁明清园		0	117.215926	26.919568
兴文石海		0.7	105.145189	28.178225
三王峪	3A	0.7	117.401699	36.535495
重庆潼南大佛寺	4A	0.7	105.815677	30.193003
虞山	5A	0.74	120.724459	31.667161
天龙屯堡		0.78	106.169488	26.357418
老君山		0.72	99.782756	26.653706
尧庙	4A	0.84	111.502607	36.057412
三坊七巷	5A	1	119.303907	26.088959
汉文化景区	4A	0.82	117.228773	34.249545
程阳八寨景区	4A	0.7	109.647018	25.901019
白龙观		0.72	120.116269	31.775349
老子故里	4A	0.8	115.560445	33.8627
中国漕运博物馆	4A	0	119.151557	33.514383
登封大熊山摘星楼景区		0	113.114572	34.280488
奎尔公园		0	2.1505058	41.4144948
h里城	4A	0	114.36214	35.960932
悉尼塔		0.72	151.20876	-33.870451
柬埔寨民俗文化村		0	103.83138	13.377851
青岛一战遗址博物馆	3A	0	120.351415	36.07498
丰都鬼城	4A	0.74	107.731507	29.891926
淮安府署	4A	0	119.152085	33.516746
安义古村	3A	0.7	115.612762	28.754027
乾州古城	4A	0	109.705056	28.262146
悟孟寺		0	98.9511935	18.7833398
黄大仙祠		0.74	114.205626	22.345962
沙扒湾		0.76	111.479697	21.518189
孟良崮	4A	0.8	118.192291	35.542895
佛冈观音山王山寺风景区		0	113.489767	23.944098
佩纳宫		0	-9.390598271	38.78760173
东山雕花楼		0.7	120.411242	31.084392
四门塔		0.72	117.141164	36.458149
大沽口炮台遗址		0.74	117.716282	38.983338
大境门	4A	0.96	114.893249	40.849934
芒砀山旅游区	5A	0	116.494404	34.182804
广西《坐妹》大型实景演出		0	109.621558	25.785558
霍比特村		0	175.6807438	-37.8721253
山顶大佛		0	98.312833	7.8277082
齐鲁第一大佛青铜山大峡谷		0	117.131448	36.54233
潭柘寺	4A	0.7	116.03762	39.91122
江村	4A	0.76	118.3963	30.21752
北山景区		0.72	105.716678	29.718935
长陵		0.72	116.255282	40.304419
水绘园	4A	0.72	120.574196	32.401482
柳氏民居	4A	0.74	112.156957	35.564853
徽杭古道	4A	0	118.775769	30.145473
孔子六艺城	4A	0.72	117.002815	35.586768
自由女神像		0.74	-74.04450106	40.68924965
双林寺	4A	0.76	112.138055	37.176495
朱家峪民俗旅游区	4A	0.7	117.598251	36.665029
济公故居	4A	0.72	121.041757	29.150337
曼谷卧佛寺		0	100.4932997	13.74652088
靖港古镇	4A	0	112.79129	28.46227
石岛赤山	4A	0.8	122.408683	36.908852
独克宗古城		0	99.711245	27.818577
榆次老城		0.72	112.757853	37.685556
汉中武侯墓风景区	4A	0	106.660676	33.130082
天后宫		0.7	113.621285	22.761851
曲阜孔林	5A	0.84	116.999139	35.624655
天下玉苑	4A	0	121.375556	29.945321
荆州古城	4A	1	112.222609	30.354815
张谷英村		0.74	113.490454	29.010263
天津白蛇谷原生态景区		0	117.446735	40.253585
景忠山	4A	0.72	118.209056	40.201455
前童古镇	4A	0.72	121.35732	29.229797
殊像寺		0	113.59944	39.009202
回民街		0.92	108.94363	34.26187
交河驿・坎儿井源		0	89.130421	43.002525
五云楼		0	117.016456	24.666634
娘子关		1	113.886837	37.971435
喀什老城游览区		0	75.999654	39.483287
威虎山		0	129.298716	44.8243
屏山村		0	117.987148	29.945909
爨底下村		0.7	115.652531	40.001517
淡浮院	4A	0.82	116.706533	23.683279
锡提亚迷城		0	77.407604	37.898112
西溪旅游文化景区		0	120.294675	32.843293
新叶古村		0.7	119.34046	29.334633
檀头山岛		0	122.045826	29.206344
黑庙		0	99.8606945	19.9920677
日俄监狱旧址	4A	0.72	121.271863	38.831197
卢宅		0.72	120.253869	29.268303
沧州河间府署		0	116.099646	38.441998
叠彩伏波景区	5A	0	110.310388	25.289642
禅源寺		0.7	119.45439	30.326002
普救寺	4A	1	110.339054	34.849855
南海神庙	4A	0.72	113.502893	23.086193
终南山秦楚古道		0	109.044617	33.790341
彭家祠		0	112.907157	24.156523
绍兴蔡元培故居		0.72	120.58961	30.013489
珠玑巷		0.76	114.364092	25.195849
朝天宫	4A	0.74	118.781699	32.040399
西夏陵	4A	0.98	105.867708	38.559179
袁林		0.74	114.360872	36.13231
保国寺	4A	0.72	121.526737	29.985855
大如意圣境（苏州大观音禅寺）		0	120.248019	31.102564
德夯苗寨	4A	0.86	109.59824	28.347204
昭化古城	4A	0.88	105.728116	32.341326
锁江楼		0.72	116.014422	29.742833
汉长城		0.76	93.493006	40.301076
喀什石头城		0.82	75.225791	38.062442
中信国安第一城	4A	1	116.913678	39.721352
后沟古村落		0.7	112.919302	37.761657
牛郎织女景区	4A	0	118.267034	36.110605
洛阳灵山寺		0	112.110552	34.512724
永定土楼群（福建客家土楼）		0	116.911064	24.55235
妈阁庙		0.72	113.542846	22.189468
洪秀全故居	3A	0.7	113.180003	23.423541
凡尔赛宫		1	2.1203554	48.8048649
荣县大佛	4A	0.8	104.437751	29.460407
响堂山石窟	4A	0.98	114.167592	36.539243
丫山景区	4A	0	114.41356	25.469317
江油青莲国际诗歌小镇		1	104.698226	31.67459
赵云庙		0.72	114.592971	38.153779
讷殷古城		0	127.570299	41.983519
张居正故居	3A	0.72	112.2217964	30.35275798
李家大院	4A	0	110.731307	35.297387
北港村石头厝		0	119.835148	25.589205
马降龙碉楼群		0.72	112.577644	22.296165
戒台寺	4A	0.7	116.093809	39.875622
洞庭湖		0.8	112.932269	29.023947
北岳庙	4A	0.72	114.703342	38.626242
甘家大院		0.7	118.787996	32.032603
荆州楚王车马阵景区		0	112.021639	30.616244
牛记庵养生度假村		0	117.814082	36.583404
青龙古镇		0.7	112.6370093	38.0279631
枣园革命旧址	4A	0.78	109.428553	36.633613
西门峡漂流		0	109.62073	28.115699
龙澍峪风景区		0	111.324405	35.996032
蟠桃山佛教文化景区	4A	0	117.275513	34.301023
粉红清真寺		0	101.689085	2.935953148
忍野八海		0	138.8328042	35.4604466
包公墓		0.74	117.297009	31.858315
延庆观		0.72	114.345693	34.791994
绿林寨	4A	0.7	113.108108	31.358984
云龙涧	3A	0	119.35957	34.673681
蒲津渡		0.72	110.297885	34.851085
上饶灵山风景名胜区		0	117.838313	28.551653
玫瑰小镇		0	120.462828	36.586718
沈阳清福陵	4A	0.7	123.597549	41.835813
长乐显应宫	3A	0	119.654283	25.920583
霍夫堡宫		0.7	16.364924	48.205429
大唐秦王陵	3A	0	107.117706	34.402981
玉几岛风景区		0	100.197327	25.912532
窑湾古镇	4A	0	118.079437	34.186649
水浒好汉城	4A	0	115.93948	35.591736
宁波东钱湖小普陀	3A	0	121.663567	29.775464
浔阳楼		0.74	116.008437	29.73943
魁星楼	3A	0.72	117.956898	40.964002
北方兵器城	4A	0.7	109.8855746	40.68703601
苏三监狱		0.76	111.681114	36.259882
钟楼		0.74	114.181065	22.29651
井塘古村		0	118.405473	36.60834
太行水镇	4A	0	115.24968	39.293775
六和塔		0.74	120.138137	30.202771
双塔寺		0.72	112.60338	37.853069
阿斯塔那古墓群		0	89.537959	42.888903
广德风景区		0	105.572323	30.500193
秦皇古驿道景区		0	114.197373	38.058435
雅典卫城		1	23.726188	37.972182
千岛湖文渊狮城度假区（水下古城）		0	118.680693	29.480131
苍南碗窑古村落风景区		0	120.271509	27.495694
宝相寺	4A	0	116.495109	35.736965
龙游石窟	4A	0.84	119.196547	29.06671
定鼎门遗址博物馆		0	112.473474	34.636616
青瓦房古村落		0	108.198141	22.815481
处女泉景区	4A	0	110.349559	35.149134
鸡鸣驿古城		0.84	115.323734	40.456204
宝箴塞民俗文化村	3A	0.7	106.077937	30.355173
青州泰和旅游区	4A	0	118.270875	36.549218
大理喜洲严家民居		0	100.138778	25.857726
九份老街		0.88	121.843847	25.108509
北京明城墙遗址公园	4A	0	116.442055	39.909212
东山陆巷古村	5A	0	120.367021	31.081751
花洲书院	3A	0.74	112.104296	32.678111
山陕甘会馆		0.72	114.359539	34.80343
繁塔		0.72	114.371263	34.775527
上九山古村		0	116.883991	35.206363
土城古镇		0	106.012501	28.278971
溱潼古镇	4A	0.86	120.104311	32.656733
地坛公园		0.72	116.42197	39.960464
古莲花池	3A	0.74	115.50574	38.862805
丹噶尔古城	4A	0.7	101.286318	36.693134
西安大唐西市博物馆		0	108.914111	34.252909
曾厝		0	118.131359	24.436317
朱仙镇		0	114.273709	34.621794
龙泉寺	4A	0.72	106.73598	35.552961
长春祠		0.7	121.6044503	24.16230255
军山风景区	3A	0	120.9097123	31.94784875
大观公园	4A	0	102.681834	25.030212
孟庙	4A	0	116.980556	35.394089
伏见稻荷大社		1	135.7726717	34.9671402
镇远		0.92	108.429895	27.055759
钓鱼城	4A	0.72	106.323048	30.011336
绩溪紫园	3A	0	118.606743	30.053336
震泽古镇	4A	0	120.515956	30.918345
古丈县夯吾苗寨		0	112.641587	27.126515
中天门		0.76	117.1210973	36.24823849
板厂峪		0	119.57701	40.199588
廿八都古镇	5A	1	118.492087	28.298816
洛克旧居		0	100.220424	27.018119
东鸡冠山	4A	0.72	121.290752	38.839777
平江历史文化街区	4A	0	120.64138	31.315151
九顶塔		0	117.139435	36.428001
西湖李家		0	116.266017	28.518851
洛杉矶天空观景台		0	-118.2565108	34.0511247
苗王城		0	109.2523511	27.96512571
种福堂		0.7	120.751193	27.947275
安阳天宁寺		0	114.356069	36.103899
坪坝营原生态休闲旅游区	4A	0	108.990824	29.440664
喀什艾提尕尔清真寺		0.98	75.995029	39.479072
泉州少林寺		0	118.6053916	24.96794932
中国观音故里旅游区		0.8	105.624945	30.525278
曲江池遗址公园		0.72	108.989987	34.207184
塔佩门		0	98.9932291	18.7877403
天宁宝塔		0	119.97685	31.781532
水上清真寺		0	116.14386	6.096884
明显陵	4A	0.88	112.638341	31.209101
石鼓书院	3A	0	112.623519	26.916938
坎儿井传承区		0	89.088912	42.989097
青岛山炮台遗址（德军地下指挥部）		0	120.349592	36.075817
昭陵		0.7	116.226232	40.294982
美功铁道市场		0	99.99876299	13.40748137
桃渚城		0.7	121.548435	28.8317
三河古镇	5A	0.92	117.250617	31.522255
马德里皇宫		0	-3.714312077	40.41795528
青羊宫		0.76	104.04744	30.666478
映秀地震遗址	4A	0.7	103.49807	31.063224
赛金花故居	4A	0.7	117.963602	29.964167
五丈塬诸葛亮庙		0.7	107.632511	34.27062
摩围山景区		0	108.056784	29.190098
宋元崖门海战文化旅游区		0	113.099835	22.27396
羊山风景区	4A	0	116.2535828	35.17835494
合肥三国遗址公园		0	117.13054	31.927823
吐峪沟麻扎村		0	89.699515	42.862384
寻龙山龙隐镇		0	104.436739	31.629972
石家庄市鹿泉抱犊寨风景区		0	114.275519	38.099511
和贵楼		0.86	117.100109	24.663918
十分老街		0	121.7761643	25.04393462
香山公园	4A	0.72	116.203098	39.996942
赵州桥	4A	0.8	114.775583	37.728641
郭洞古生态村	3A	0.78	119.840628	28.82083
万佛堂石窟	3A	0.74	121.172602	41.581431
宝光寺		0.7	104.166618	30.837179
中国汉城		0	112.789226	32.122237
容州古城	4A	0	110.567084	22.861566
南岳大庙		0.74	112.740854	27.250976
水濂山		0.72	113.768971	22.933484
克里姆林宫		0	37.6174994	55.7520233
米拉公寓		0	2.161961451	41.39537987
清漾村	4A	0.72	118.590463	28.576249
水关长城	4A	0	116.044362	40.344683
高淳老街	4A	0.7	118.875284	31.32522
归元寺	4A	0.78	114.267351	30.552176
板梁古村	3A	0	112.873869	26.084327
元中都遗址		0.72	114.636308	41.297175
傍水崖景区		0	119.57509	40.132214
檀园		0	121.314903	31.298225
伪满八大部		0	125.313132	43.8832
中原大佛景区	5A	0	112.465789	33.774685
舞龙峡		0	120.740257	29.218345
召稼楼	4A	0	121.555586	31.080932
龚滩古镇	4A	0.72	108.359376	28.913345
通天飞瀑		0.7	119.636528	30.008136
芙蓉古村		0	120.742089	28.336307
澳门银河度假村		0	113.564983	22.152136
宝源老醋坊		0	112.375196	37.513576
奉国寺	4A	0.76	121.25479	41.54933
悉尼歌剧院		0.74	151.2152967	-33.8567844
曾赵园		0.7	120.742007	31.64802
庆安会馆	3A	0.74	121.568995	29.878539
梁野山	4A	0.7	116.1941383	25.16700962
崇文塔		0.7	108.939944	34.484709
梵高美术馆		0	4.88107	52.358413
大连旅顺西炮台风景区		0	121.228685	38.811461
阙左门（东阙门）		0	116.404442	39.91914
荆州九老仙都景区		0	112.204656	30.363502
天师府		0	117.044411	28.049443
河口断桥	4A	0	124.834641	40.420352
九龙池		0	121.702638	37.301922
西禅寺		0.76	119.295907	26.080546
音乐台		0.7	118.861977	32.060752
张石铭故居		0.72	120.436968	30.881083
香溪堡	3A	0.74	114.111512	23.594089
退思园		0.72	120.721836	31.170078
遂昌金矿国家矿山公园	4A	0	119.434377	28.619183
喀什噶尔老城	5A	0	75.999654	39.483287
千华古村		0	119.094538	32.134968
南塘老街		0	121.540442	29.856584
三水森林公园孔圣园		0	112.885658	23.193634
大梁江古村落		0	113.979939	37.916509
爱丁堡城堡		1	-3.199913025	55.94859464
德安古堡		0	118.169835	24.855239
彼得大帝夏宫		0	29.90859786	59.88630374
青山关	4A	0.72	118.557662	40.415938
帕辛寺		1	98.9813242	18.78859715
青岛德国总督楼旧址博物馆	3A	0	120.3382331	36.07109149
朝阳楼		0.76	102.837598	23.622625
梅李聚沙园	4A	0	120.882799	31.711352
大水井建筑群		0.72	108.911073	30.473989
广佑寺	4A	0	123.183199	41.282843
新天鹅堡		0	10.74980006	47.557574
墨尔本普芬比利蒸汽小火车		0	145.353657	-37.908382
九子岩景区	4A	0.7	117.872727	30.545808
盂城驿		0.7	119.4445	32.776671
项王故里	4A	1	118.306601	33.944663
西山雕花楼		0	120.246602	31.129569
鸣翠谷	3A	0	111.247709	30.741449
龙峰山	3A	0.72	99.68635219	41.1782721
荷里路德宫		0	-3.1722724	55.9527138
永济五老峰	4A	0.76	110.601816	34.804467
陈武帝		0.7	119.943815	31.01176
仓颉庙	3A	0	109.7030105	35.37706131
飞水谷		0	109.54239	27.923045
护城河		0	120.594035	29.987956
小莲庄		0.78	120.4356119	30.87554614
绵阳千佛山风景区		0.84	104.256704	31.663596
南海禅寺	4A	0	114.373375	33.004145
胡佛大坝		0	-114.7377329	36.01606455
张家界老院子		0.7	110.527321	29.123316
重庆市人民大礼堂	4A	0.72	106.559947	29.567994
Z园古民居博物馆		0	119.827693	28.859051
云翔寺		0	121.313628	31.297317
金锁关		0	109.014992	35.242769
城隍阁		0.72	120.171161	30.242179
国子监	4A	0.74	116.420453	39.952927
温莎古堡		0	-0.604423	51.483895
老君洞		0.7	106.60663	29.549334
下梅古村		0.72	118.052719	27.673668
扎什伦布寺	5A	0.9	88.879118	29.269685
尧帝陵		0.72	111.796576	36.073515
贺州客家围屋		0.76	111.664828	24.432778
柳城崖山		0	109.181605	24.671635
金山嘴渔村		0	121.382702	30.738369
洪村		0	117.720698	29.382072
洛带古镇	4A	0.74	104.328977	30.640483
蒙山大佛	4A	0.7	112.4535518	37.78305384
枫丹白露宫		0	2.699496366	48.40209579
素贴寺		0	98.92160764	18.80489546
红灯笼外婆家乡村家园		0.7	119.526959	29.920009
龙母太庙	4A	0.96	111.321378	23.487451
梅关古道		0.74	114.34894	25.328994
商丘古城	4A	0	115.613772	34.379798
口岸雕花楼景区（柴墟古镇）	4A	0	119.885586	32.308983
万松书院		0	120.167686	30.233315
兴坪渔村		0.72	110.52807	24.923515
新长春园(夏苑)		0	120.262078	29.114675
送子来凤桥		0	120.899979	30.951172
亚拉河谷庄园		0	145.4099974	-37.6006591
景德镇御窑厂国家考古遗址公园		0	117.213784	29.301284
成吉思汗陵旅游景区	5A	1	109.832426	39.369384
娲皇宫	5A	1	113.629833	36.649967
锁阳城		0.7	96.210217	40.25321
雨花台	4A	0.86	118.785863	32.009063
南阳卧龙岗武侯祠	4A	0.88	112.513787	32.983439
郭庄		0	120.138901	30.249833
泾县黄田风景区		0	118.505323	30.464317
天坑寨子民俗风情区		0	107.774515	29.423749
渠家大院		0.72	112.333965	37.363621
回贤古寨		0	0	0
古罗马竞技场		0	12.49223008	41.89020995
自然历史博物馆		0	-73.97398685	40.78132258
遵义会议会址	4A	1	106.926268	27.694178
古北口长城	3A	0.7	117.172205	40.689651
苏州沙溪古镇		0.7	121.063045	31.572383
武昌起义军政府旧址	4A	0.72	114.3129314	30.54783126
太虚宫	3A	0	120.8431	37.348752
山底抗日地道遗址		0	114.125745	36.466071
长江观音景区		0	118.803931	32.133416
清水寺		1	135.7850556	34.99488889
大缮骄扒	4A	0	114.562151	35.666715
翠郊古民居		0	120.106164	27.192629
河阳古民居		0	120.015868	28.731471
苏公塔		0.72	89.212779	42.941938
鹳雀楼	4A	0.78	110.277179	34.833102
太清宫游览区		0.72	120.687436	36.144968
盐官观潮景区	4A	0	120.553255	30.40823
《遇见・丽江》演出		0	100.242871	26.880517
遇见・香格里拉秀		0	99.710291	27.820377
二条城		1	135.7486931	35.01423265
天龙寺		1	135.67375	35.01566667
暖泉室外打树花		0	114.443769	39.804811
暖泉古镇	3A	0	114.458012	39.815419
王家大院	3A	0.7	119.765253	40.013147
乌布皇宫		0	115.2627361	-8.506727627
老司城		0.72	109.982944	28.999625
罗布林卡	4A	0.76	91.102232	29.65577
古猗园	4A	0.7	121.323438	31.298418
五龙山	4A	0.72	124.34106	40.259306
新泰莲花山	4A	0.7	117.642377	35.97921
安通国家公园		0	99.988694	9.499375
冶仙塔		0.7	116.877047	40.400083
大连海滨旅顺口		0.72	121.2639871	38.80247342
广胜寺		0.82	111.819144	36.307166
镇国寺	4A	0.72	112.283305	37.291693
凤凰山江苗寨		0	109.476694	28.047233
钟表馆		0	116.403413	39.921947
华威城堡		0	-1.585228	52.27966841
襄阳古城墙		0	112.16333	32.016232
四明山地质公园		0	119.034089	28.479885
魏武祠	3A	0	115.792164	33.856419
秋浦河漂流		0	117.579745	30.19465
寺平古村		0	119.358338	29.028909
色达喇荣五明佛学院		0	100.462021	32.143414
西柏坡	5A	0	113.948895	38.348613
皇居		0	139.7527998	35.68517261
大觉寺		0.7	116.113284	40.058445
天门寺		0	117.074755	34.069105
大圩古镇		0.72	110.433844	25.188242
瑞金红井	5A	0.7	116.014033	25.885686
徽商大宅院		0.7	118.434737	29.876402
布拉格城堡		1	14.3995792	50.09021652
薛福成故居	4A	0.72	120.302601	31.576584
韩侯故里	3A	0.72	118.947661	33.540845
武圣园	3A	0	117.504485	37.501661
恬庄古街		0	120.67679	31.783628
北塔博物馆		0	120.469029	41.588837
V亭古战场风景区		0	111.409044	30.577014
建德七里扬帆景区	4A	0	119.550788	29.553448
圆明园遗址公园绮春园		0	116.325624	40.01243785
陶渊明故居・守拙园景区		0	117.892043	29.898165
巴特罗之家		0	2.164769635	41.39163887
十六沟		0	113.968683	36.875119
杏花村	4A	0.7	117.477931	30.649788
伏波山	4A	0.76	110.310388	25.289642
王家坪革命旧址	3A	0.7	109.487156	36.614134
小连城		0.7	106.832019	22.352161
思溪延村	4A	0.8	117.809973	29.345107
徐锡麟故居		0.7	120.542733	30.060278
罗浮山羌王城		0.7	104.347274	31.594955
灵渠	4A	0.72	110.690678	25.604685
九一八历史博物馆	4A	0.8	123.472796	41.840604
大澳		0.72	113.867207	22.26153
大别山石窟风景区	4A	0	116.560396	31.490213
故乡里主题公园		0	113.070639	23.48987
塞维利亚王宫		0	-5.990225017	37.38305092
建水景区		0.7	102.739879	23.642963
罗T寺		0	113.604008	39.015049
文峰塔		0.92	114.354515	36.104299
鼓浪屿中国唱片博物馆（黄荣远堂）		0	118.079553	24.449621
比干庙	4A	0.74	114.094276	35.470938
双龙寺		1	102.36879	5.996773
关麓古村	3A	0.7	117.875771	29.902196
九寨沟	5A	1	103.928015	33.271447
玉泉观	4A	0.86	105.718795	34.591546
翦云山	3A	0	116.841749	36.22603
襄阳春秋寨景区		0	111.892137	31.380149
浦江江南第一家	4A	0	120.015443	29.491119
朝阳槐树洞		0	120.3706949	41.38475496
济南芙蓉街		0	117.029527	36.675147
阆中大佛寺		0	105.9783	31.5712
金殿		0	111.011859	32.403462
空中宫殿		0	103.8562727	13.4457097
河下古镇	5A	0	119.140486	33.538233
夯吾苗寨		0	109.8588	28.442152
烟袋斜街		0.72	116.400081	39.945678
爱晚亭		0.74	112.944173	28.186842
承启楼		0.78	117.015804	24.666504
聪明山水景区	4A	0	121.76268	29.213666
荷兰红屋		0	102.2493038	2.194115797
平乐古镇	4A	0.76	103.342668	30.350507
感通寺		0.72	100.175504	25.649623
绍兴兰亭	4A	0.92	120.507221	29.93159
婺源油菜花	5A	0.9	118.058037	29.373708
豆蔻寺		0	103.8997847	13.4197395
金马碧鸡坊		0.82	102.716349	25.039799
厦门小嶝休闲渔村	3A	0	118.392507	24.561512
麻城五脑山森林公园	3A	0	115.0028495	31.23344845
南阳古镇	4A	0	116.680666	35.099875
西安广仁寺	3A	0	108.932263	34.280013
蓝色清真寺		0	28.9768138	41.00541011
盘山塔林		0.7	117.271143	40.096476
孟府	4A	0.7	116.980556	35.394089
毫州华佗纪念馆		0.7	115.788583	33.883194
炳灵寺石窟		0.7	103.0267267	35.8326616
银山塔林	4A	0.7	116.333507	40.330687
孙中山故居纪念馆	5A	0.84	113.526507	22.440893
明皇陵		0.76	117.531895	32.821603
皖南事变烈士陵园	4A	0.78	118.403658	30.702543
曾园		0.7	120.742151	31.648104
杜公祠		0	109.561637	36.43723
龙川水街		0	118.676537	30.082202
斯德哥尔摩王宫		0	18.07171836	59.32682198
大城小像?北京		0	116.40498	39.898003
大观天下		0	116.342458	24.415372
桂林訾洲岛景区		0	110.309966	25.275364
桃坪羌寨		0.7	103.456298	31.564523
苦竹寨		0	110.14781	29.337427
草堂寺	3A	0.7	108.750629	34.018409
南京巷钱庄	3A	0.72	115.780733	33.888476
韩王庙		0	114.307157	36.113178
科隆千树园		0	116.762682	23.508207
天津袁世凯故居		0	117.201975	39.14446
丁蹄作坊		0	121.01987	30.891633
以弗所古城		0	27.36764059	37.94893119
春日大社		0	135.8483855	34.68138031
东大寺		0	135.8398158	34.6889851
培田古民居	3A	0.72	116.645749	25.641862
嵩阳书院	4A	0.78	113.040152	34.485943
理坑		0.8	117.83572	29.53169
嘉业堂藏书楼		0.8	120.434435	30.875816
北禅寺		0.78	101.791065	36.647105
钱王陵	3A	0.7	119.732618	30.240511
开元寺	4A	1	118.591951	24.919329
琴溪香谷		0.7	119.599854	29.961905
贝子庙	4A	0	116.0780703	43.95546101
汉中武侯祠	4A	1	106.641351	33.156517
三苏园	4A	0	113.105898	34.081349
汉城湖		0	108.926482	34.326205
林德霍夫宫		0	10.96076107	47.57139969
泰姬陵		0.78	78.04215507	27.17501498
旅顺军港		0	121.263729	38.809405
无量台风景区	3A	0	112.775195	32.026751
绍兴乌篷船		0	120.601768	30.002034
静安寺		0	121.452054	31.229399
河桥古镇		0	119.246814	30.106122
嘉应观	4A	0.7	113.516203	35.043331
伍山石窟度假区	4A	0.72	121.763098	29.213713
百望山森林公园	3A	0.7	116.26297	40.036622
大禹陵		0.8	120.619763	29.970299
洪江古商城		0.84	110.012413	27.120941
烟水亭		0.74	115.992607	29.72854
绿岛旅游山庄	4A	0.7	116.87859	23.701501
陶然亭公园	4A	0.72	116.388224	39.880234
宝船厂遗址	3A	0	118.739957	32.066758
扁鹊庙	4A	0.74	114.278864	37.315742
观鱼亭		0.72	87.042946	48.700437
吴哥城		0	103.856324	13.423799
千丈岩		0	119.905847	28.767754
墨戎苗寨		0	110.008155	28.60332
和谐钟塔		0	114.952602	25.900239
云台阁		0	119.437294	32.219754
广德寺		0	105.574716	30.498593
钱王祠		0	120.16456	30.248567
芽庄大教堂		0	109.1880665	12.24679
鲁镇		0	120.485974	30.050509
瑞应寺	4A	0.86	121.452924	41.9431
大新恩城山水风光		0.7	107.1019145	22.74348368
中岳庙		0.74	113.080675	34.461814
岳姑殿景区		0	121.767962	37.304656
唐城遗址		0.72	119.424942	32.427586
石窟寺	3A	0	113.036537	34.817893
消灾寺景区		0	106.630032	33.957241
唐模古村	5A	0.72	118.336253	29.875917
纪晓岚故居		0.7	116.393596	39.896121
西柏坡中共中央旧址	5A	0.74	113.947756	38.34542
Qunar办公大楼-XSI		0	173.1931117	13.41522443
随州炎帝故里风景区	4A	0	113.306025	31.849259
天官王府		0	112.565943	35.524388
吐峪沟大峡谷		0	89.693384	42.839662
韩城市博物馆（文庙、东营庙、城隍庙）		0	110.447246	35.465852
卧佛寺		1	100.489659	13.750735
古崖居	3A	0.7	115.782186	40.468672
莎士比亚故居		0	-1.7080062	52.1939115
平海古城		0.78	114.896138	22.620545
康有为故居		0.72	120.33929	36.059923
三峡老街		0	121.3697357	24.93354988
漫川关古镇		0.72	110.069498	33.236909
千鸟之渊		0	139.7486423	35.6896487
盘山烈士陵园		0.7	117.331931	40.067061
203高地		0.7	121.296029	38.907976
阿尔汗布拉宫		0.7	2.36731	48.84728
狮身人面像		0.9	31.13756943	29.97526932
边关硕龙地下长城		0	106.832752	22.825936
蒲松龄书馆		0.7	117.744882	36.68414
电岩炮台		0.72	121.274801	38.800271
殊像寺		0.72	117.931588	41.019789
客家祖地		0.78	116.4948424	26.25819457
中国孙子兵法城	3A	1	117.509331	37.514592
柯桥古镇		0.76	120.48031	30.07371734
黄梁梦吕仙祠	3A	0.78	114.498608	36.686845
扬美古镇		0.74	108.07403	22.845904
印度门		1	72.8346543	18.9219841
多玛巴切新皇宫		0	28.9989	41.04041
浦西山		0	102.1369824	19.89022808
毛泽东诗碑园		0	115.9755937	29.55671315
阿维尼翁教皇宫		0	4.807674	43.95088
肯辛顿宫		0	-0.188083172	51.50507355
古城岩		0	118.234388	29.789437
连州龙潭		0	112.460029	24.707388
黄山雄村景区	4A	0	118.450762	29.827356
长乐古村		0	119.286314	29.263581
慈城冯俞宅	4A	0	121.46136	29.990419
学政考棚		0	102.832569	23.619362
南华山神凤文化景区	4A	0	109.61278	27.953065
泰州凤城河学政试院景区		0	119.927373	32.496116
赵公明财神文化区		0	108.349125	34.08034
沂蒙革命根据地		0	118.323895	35.870715
包山禅寺		0	120.297903	31.11708
关西新围景区	4A	0	114.952508	24.850026
库伦三大寺旅游景区	4A	0	122.00666	42.866862
陈嘉庚纪念胜地景区		0	118.111929	24.571534
三名旅游景区		0	110.608304	22.783609
知青城	3A	0	109.1813938	24.67244399
万泉湖		0	110.212029	19.012274
古北口文化文物旅游区		0	117.172195	40.689651
朝阳千佛洞旅游区	3A	0	120.348477	41.285702
嘉祥青山寺		0	116.314136	35.352839
文庙		0.72	110.833942	24.837177
龙湖寨		0.82	116.65814	23.562313
科隆大教堂		1	6.9582814	50.9412784
大清国1号界碑		0.7	108.0626555	21.54840903
平安神宫		1	135.7824263	35.0159823
三十三间堂		1	135.7717491	34.98791803
吐鲁番郡王府		0.7	89.215713	42.94202
南屏晚钟		0.72	120.155601	30.235475
玉泰盐铺原址		0	121.2869657	29.6876757
忠烈祠		0.74	112.735776	27.258763
财神湾		0	120.49451	30.754919
苏堤春晓		0.74	120.138273	30.243836
张氏旧宅建筑群		0.7	120.436967	30.881082
老铁山灯塔		0.7	121.14705	38.7339
巴金寓所		0.7	121.447004	31.215016
赤楼		1	120.2025433	22.997478
西安城隍庙		0.7	108.943735	34.26798
文武庙		0.7	114.161718	22.287166
解放阁		0.74	117.040064	36.668997
三江侗乡		0.7	109.613055	25.778989
华光楼		0.74	105.9797621	31.57750582
光明顶		0.8	118.176111	30.13845
黄龙寺		0.7	103.430692	30.934828
煤气镇		0	-123.1096593	49.28438707
万国宫		0	6.140492	46.226556
象岛		1	72.9312921	18.9608385
昭君村	3A	0.72	110.735724	31.266152
房山世界地质公园		0.7	115.882288	39.590974
大金塔		0	96.1496143	16.798308
霍华德城堡		0	-0.9061282	54.1218033
都峤山森林公园	4A	1	110.654034	22.827285
李郑屋古墓		0.7	114.1715967	22.3409214
千尊玉佛寺		0.7	116.9589755	39.09674921
谢鲁山庄	4A	0.76	110.195073	22.156401
华西金塔		0.7	120.441402	31.839378
戏马台	3A	0.86	117.196584	34.261055
东坡赤壁	4A	0.86	114.873446	30.458114
中旅社旧址		0.7	121.220244	29.708824
哲蚌寺		0.78	91.05648	29.677893
炎亭		0.72	120.661727	27.451621
花石楼		0.76	120.360403	36.056278
肥城牛山国家森林公园		0.7	116.736181	36.274308
丽江金塔		0	100.270014	26.842331
五福桥		0	120.90481	30.950663
烟雨长廊		0	120.901896	30.951235
恒春古城		0	120.7442518	22.00156883
旗后灯塔		0	120.264005	22.613238
达布夏珠林寺		0	92.60029	29.148149
龙潭峡		0	119.352521	40.070431
亿载金城		0	120.1592538	22.98788113
碧霞祠		0	117.115675	36.261998
岱宗坊		0	117.136759	36.207423
西双版纳大吉总佛寺		0	100.81304	21.994712
南海观音寺		0	113.114533	23.180278
皇家安大略博物馆		0	-79.394785	43.667703
西贡圣母大教堂		0	106.6989856	10.779853
滦州古城		0	118.760314	39.746725
合江亭		0	104.087409	30.653177
芭堤雅小人国		0	100.90966	12.954438
七仙大福村		0	118.708374	31.652223
高密莫言故居		0	119.953523	36.467706
朱旺景区		0	118.485274	30.347772
慈城孔庙		0	121.457911	29.98993
挖色镇		0	100.231859	25.829511
中山四路		0	106.553467	29.566817
波特涛塔		0	96.1720825	16.7684725
旧湾仔邮政局		0	114.185131	22.277278
歙县瞻淇古村落		0	118.52901	29.88101
东正教堂		0	-118.3101866	34.0951986
金龙山风景名胜区		0	111.708151	37.160441
逢简水乡		0	113.159924	22.820248
满洲里欧式旅游观光婚礼宫		0	117.465046	49.592951
武定府		0	117.515581	37.499184
兰斯圣母大教堂		0	4.034042155	49.25385765
大阳山文殊寺		0	120.474839	31.345723
蒲屏皇宫		0	98.8990118	18.80655037
珊瑚石城堡		0	-80.26838127	25.72149892
古芝地道		0	106.4642756	11.1442864
维苏那拉特寺		0	102.1384583	19.88724136
兜率天宫		0	120.410304	30.031509
中国睢宁水月禅寺景区		0	117.896369	33.921958
磨西古镇		0	102.132207	29.648547
桂园		0	106.553317	29.569024
大埔县坪山梯田旅游区		0	116.89151	24.322533
细君公主墓		0	80.594643	42.674672
贾特拉帕蒂・希瓦吉火车站		0	0	0
全州韩屋村		0	127.1539536	35.81516647
灌县古城		0	103.629499	31.001131
中国墨子文化旅游区		0	112.371228	33.771054
鸿恩寺		0	106.519199	29.577599
沙巴神山公园		0	116.5229323	6.0366417
新宿御苑		1	139.7100517	35.6851763
明光寺佛教文化景区	4A	0	117.8495902	35.5909371
虹桥		0	109.612941	27.954133
千岛湖宋家渔村		0	119.045813	29.594199
大同古城墙		0	113.318821	40.10717
树中佛寺		0	99.9415855	13.4461359
查莫洛文化村		0	144.7522283	13.47763513
统一宫		0	106.6959864	10.77765064
皮尔戈斯镇		0	25.44422279	36.38491662
皇家山		0	101.2486577	3.340949674
加尔达湖		0	10.634792	45.606028
东方广场		0	-3.712172128	40.41841042
时钟塔		0	7.447923124	46.94717698
布达皇m		0	19.03956694	47.49620438
嵯峨野		0	135.6811971	35.0187568
保罗列维尔之家		0	-71.05369901	42.36373889
绳武楼		0	117.058435	24.485722
安康寺		0	120.498018	30.1418
刘少奇故里门楼		0	112.651361	28.037537
安丰古街	3A	0	120.415954	32.734678
陵水郑和礁		0	110.039605	18.519201
白鹤寺		0	120.516019	31.322309
滋满壁书村		0	127.1517558	35.8151113
青岛德国地下指挥要塞遗址博物馆		0	120.349592	36.075817
香港低密度豪宅		0	114.177679	22.327798
漫园		0	117.897701	31.037962
张弼士故居		0	116.73734	24.467413
五大道之马场道		0	117.206525	39.110549
乌兰活佛府		0	109.728632	39.617825
王首道同志故居		0	114.20572	28.372501
凯马		0	150.854366	-34.659693
郭峪村		0.74	112.5853291	35.51637351
神路		0	116.231727	40.26422
拷汪宫		0	99.93663649	13.10916826
爱与希望之宫		0	99.96312504	12.69830247
大阳古镇		0	112.810553	35.671597
南岩寺		0	117.452401	28.373265
王府池子		0	117.03024	36.673659
伊川二程文化园		0	112.415217	34.427583
永福寺		0	111.9978813	25.34263146
仙霞关	3A	0.78	118.52468	28.375319
金阁寺		1	135.7292431	35.03937
中华孝道园		0	120.074255	31.480282
浅草寺		1	139.7966558	35.71477056
塔下村		0	117.05899	24.623607
南溪土楼群	5A	1	116.911873	24.556302
帕提农神庙		0	31.388889	36.766666
胜利女神殿		0	23.72487407	37.97152887
库克船长小屋		0	144.9794508	-37.81449838
八乡山旅游度假区		0	115.976081	23.769695
灞陵桥	3A	1	113.792456	34.028694
巴黎圣母院		1	2.3499021	48.85296798
客都温泉		0	116.832653	24.599153
肇庆市德庆学宫景区	4A	0	111.7749	23.144758
肇庆三元塔		0.7	111.836661	23.141817
巨石阵		0	-1.826214626	51.17888155
打狗英国领事馆		0.96	120.267352	22.6176323
基督复活教堂		0	30.32889965	59.94010057
旧金山联合广场		0	-122.4075169	37.7879797
旧金山金门大桥		0	-122.4782551	37.8199286
加泰罗尼亚音乐厅		0	2.175313033	41.38757479
陆荣廷旧居陈列馆		0	106.592297	22.472756
加泰罗尼亚国家艺术博物馆		0	2.15357	41.3684399
周恩来祖居		0	120.592536	30.008176
《烟雨张家界》		0	110.620486	29.368696
交河古村		0.76	89.087234	42.952765
梁河南甸土司衙门	4A	0.7	98.303695	24.813874
马降龙村落		0.72	112.57893	22.285587
香积寺		0.7	108.89936	34.127706
堤岸		0	106.6630378	10.75315573
太山龙泉寺		0.7	112.451776	37.750424
施秉云台山	4A	0.86	108.119931	27.109204
昌德宫		1	126.9910426	37.5794309
旧金山唐人街		0	-122.4078276	37.79456435
大芦村古宅		0.7	109.347774	22.462144
城隍庙		0.7	117.931615	40.992716
钟鼓楼		0.74	122.371876	40.405906
虎门大桥		1	113.707088	22.821335
岩头村		0.7	120.741171	28.344445
韩文公祠	3A	1	116.662381	23.663248
武氏墓群石刻		0	116.354192	35.28906
松州古城		0.7	103.601353	32.646489
淮南王刘安墓		0.74	116.789702	32.606728
鸡鸣寺		0.78	118.802157	32.066601
天台山赤城山	4A	0.72	121.03294	29.172423
襄阳城		0.9	112.154256	32.028849
嘉兴海神庙		0.7	120.552901	30.407569
毛泽东图书馆		0.72	112.500157	27.911384
昭觉寺		0.72	104.112596	30.711492
郎木寺		0.84	102.639552	34.096727
东福寺		1	135.7743611	34.97663889
宙斯庙		0	35.89035797	32.27584839
安妮・弗兰克故居		1	4.676406	52.506435
老龙湾	3A	0.78	118.511958	36.420356
张飞庙	4A	0.72	108.711586	30.916548
彝人古镇	4A	0.84	101.522677	25.058938
紫禁城角楼		0.7	116.398935	39.928483
宋庆龄故居		0.7	121.445171	31.210584
明长城遗址		0.76	109.745926	38.279294
恩平举人村		0.74	112.379626	22.245679
肃亲王府遗址		0.7	121.233863	38.816611
波密		0.76	95.774005	29.865291
万佛园	4A	0.72	117.633312	40.192823
东姑阿都拉曼国家公园		0	101.758351	3.210583
大悲禅院	4A	0.78	117.188943	39.156246
迪拜国家博物馆		0	55.2972188	25.2632325
文殊院		0.84	104.07918	30.681619
神农架木鱼镇		0.76	110.095524	31.454889
周萨神庙		0	103.8774612	13.4454201
大理金光寺	3A	0.7	99.54308723	25.19959279
城邑民俗村		0	126.7997321	33.38638881
顺化皇城		0	107.5791326	16.4677596
哭墙		0	35.23450787	31.77671881
圣佩特罗堡		0	123.9059115	10.29257066
乌布		0	115.265816	-8.485774
紫霄宫		0.74	111.029272	32.423664
杨家祠堂		0.86	109.611197	27.954093
广州光孝寺		0.74	113.262729	23.134417
天津文庙		0.72	117.19605	39.147125
南方长城	3A	0.96	109.477836	27.934076
曾国藩故居	4A	0.96	112.466344	27.414622
黄帝城	4A	0.74	115.422161	40.227185
双桂堂	3A	0.7	106.2949635	30.02550253
契迪龙寺		1	98.98004823	18.78083847
宫岛		0	132.3114041	34.2796599
人民宫		0	-4.237392023	55.85128846
沈从文故居		0.92	109.609116	27.952453
鄂伦春布苏里景区	4A	0.7	123.450185	50.567543
灵山寺	3A	0.7	120.527152	40.963991
仙人洞遗址		0.72	117.1874738	28.74103197
郎德苗寨		0.72	108.0655638	26.4632109
广济桥		0.88	116.659236	23.669265
滨离宫庭园		0	139.7635	35.65975
水磨羌城		0	103.419251	30.931209
丽景门		0	112.47764	34.687047
朱丽叶故居		0	10.9984057	45.4419186
菩萨顶		0	113.601213	39.019046
无忧宫		0	13.0384999	52.4042017
圣保罗・德旺斯		0	0	0
皇家英里大道		0	18.646639	54.352024
越秀公园古城墙		0	113.2717321	23.14442892
黄龙洞景区		0.74	120.099006	30.954059
艾思奇故居		0.74	98.470246	25.009275
斗象台		0	103.8587654	13.44623214
齐长城大峰山生态旅游区	3A	0	116.6442608	36.35092547
香严寺	4A	0	111.447535	32.783809
福山风景区	3A	0	110.320773	35.177223
袁家寨子		0	110.549905	29.245406
古格王国遗址		0.84	79.678683	31.468751
婺源十八里桃溪		0	117.88752	29.253898
金刚台（西河）生态旅游区		0	115.592134	31.794773
马纳罗拉		0	9.7338937	44.1115594
科尔尼利亚		0	9.710344066	44.12012473
安吉落伽山		0	119.657924	30.482074
莱明顿国家公园		0	153.15	-28.2166667
南波湾海洋生态乐园	4A	0	109.979193	18.403286
冯岳彩绘台门		0	121.461263	29.992354
杭州圆通禅寺		0	119.678663	29.803721
金川观音桥	4A	0	101.660988	31.803578
崇安寺	4A	0	120.3071999	31.58288926
十八都江风景旅游区	3A	0	120.9378575	29.71315228
德安里	3A	0	116.223569	23.439731
古城石牌坊		0	116.654919	23.664694
倪宅		0	120.904343	30.950366
祝圣寺		0	100.38826	25.973478
金顶寺		0	100.366683	25.976085
城头山遗址		0	111.667309	29.693949
苍坡村		0	120.756624	28.366257
弥陀禅寺		0	120.470053	23.462924
太平桥		0	114.637902	24.65876
北帝庙		0	113.812365	22.801777
归来园		0	118.11283	24.538101
隆丰禅院		0	119.307214	29.252717
开平碉庄		0	112.58607	22.377672
万佛塔		0	119.48628	32.242896
宋夹城考古遗址公园		0	119.428416	32.420629
战神大本营		0	123.797111	41.940953
大地土楼群		0	117.690846	25.029238
彝人部落	4A	0	101.527298	25.063901
江阴市悟空寺		0	120.310853	31.764426
大华兴寺		0	114.293784	22.629795
枧潭		0	118.16668	29.566888
曹腾墓		0	115.793377	33.869497
野人洞		0	121.582806	29.141765
金庸书院		0	120.553221	30.408249
迷楼		0	120.854453	31.117633
南澳总兵府		0	117.108124	23.458542
曾家岩50号		0	106.556622	29.571201
师爷馆		0	120.493344	30.145978
冲古寺		0	100.346262	28.461075
杜甫故里		0	113.06871	34.801209
将军坟		0	126.238499	41.165564
汉山		0	110.546752	34.478439
成吉思汗陵	5A	0	109.793039	39.376552
中国富田景区		0	115.255428	26.82452
刘少奇纪念馆		0	112.651848	28.037236
云石寺		0	100.5141364	13.7665353
雅加达老城区		0	112.469025	34.683647
爱丁堡地牢		0	-3.190778	55.95108
三年坂二年坂		0	135.7808775	34.99634452
青莲院		0	135.783161	35.007312
乌尤寺		0	103.779368	29.541195
高山市古街		0	137.1882723	36.1881547
嵊州越剧小镇		0	120.803051	29.553128
杏花村文化旅游区		0	117.461448	30.634399
大东山滑翔伞基地		0	110.878284	27.318731
刘备洞		0	113.491016	29.009929
潼关黄河湾		0	110.295018	34.614821
十二背后?清溪峡景区		0	107.085415	28.29726
红格尔敖包景区		0	111.200184	41.405805
德波神殿		0	-3.717109	40.425396
松潘古城		0	103.607198	32.646902
铜雀三台遗址公园		0	114.466345	36.316425
宜川县第二战区司令长官部秋林旧址	3A	0	110.27315	36.088703
比粒寺		0	103.9205797	13.4349637
乔达基卧佛寺		0	96.16374857	16.81172011
天姥寺		0	107.5450448	16.452421
庞贝古城遗址		0	14.480985	40.74872
迈佛寺		0	102.1346755	19.89314815
阿布扎比大清真寺		0	54.4749583	24.4124531
宝山亭		0	102.2554647	2.196012122
姬路城		0	134.6939054	34.83944837
墨西哥街		0	0	0
日惹苏丹皇宫		0	110.36569	-7.793533
皇家剧院		0	4.315431	52.082104
吴哥寺		0	116.2845783	39.809572
帕雅寺		0	100.0600818	9.57069392
阿拉伯历史建筑群		0	55.29988153	25.26435326
王城（市中市）		0	120.9700191	14.5891954
婺源瑶湾景区		0	117.764056	29.278491
岗顶前地		0	113.549412	22.195356
格登碑		0	80.499098	42.96101
中华水上古城		0	115.970388	36.466968
佛罗伦萨旧桥		0	11.25314387	43.76792426
吐鲁番台藏塔遗址		0	89.52734	42.876443
白沙古镇		0	100.222781	26.959918
慈城县衙		0	121.45678	29.994997
锦江木屋村		0	127.559151	42.000518
巍山古城		0	100.313587	25.233429
大汉皇族村		0	114.677789	29.661957
文安驿古镇		0	110.061801	36.870103
弗里蒙特街		0	-115.1222504	36.1613251
溪边人家		0	111.1671	30.786024
山上人家		0	111.1671	30.786024
溪口小洋房		0	121.291333	29.688467
溪口妙高台		0	121.222295	29.685326
道源圣城文化景区		0	103.420689	30.637363
琐园国际研学村		0	119.823258	29.120087
达摩古洞		0	118.790208	32.129461
花宫庙		0	98.9983347	18.7879706
王震故居		0	113.432373	28.254706
土字碑		0	130.368526	42.866334
涅宫		0	103.8927289	13.463308
中朝边境一步跨		0	124.529915	40.234105
大连城白玉洞		0	106.776492	22.131225
嵩口古镇		0	118.601174	25.806573
穗康钱庄		0	120.502755	30.142031
吉水神社		0	135.86195	34.367278
一国两制沙滩		0	118.179128	24.456403
		0	0	0
威尼斯总督府		0	12.3382007	45.4337035
沈坤状元府景区		0	119.143783	33.534122
石崆寨旅游景区		0	115.650899	24.703481
开封小宋城		0	114.317314	34.808762
关帝庙		0	118.599472	24.9077
清音阁		0.72	103.777105	29.581011
地主神社		0	135.7850149	34.9952134
名古屋城		0	136.9003	35.183765
舜帝陵	4A	0	110.922298	35.120575
天福官驿		0	107.804374	29.440157
云崖寺	4A	0.72	106.250892	35.205855
三皇寨		0.76	112.934053	34.470438
槟城极乐寺		0	100.2725403	5.3977901
贵船神社		0	135.7629167	35.12186111
彩虹眷村		0	120.609971	24.133942
吴哥窟		0	103.86058	13.425142
帕罗尼拉公园		0	145.956308	-17.652344
美庐别墅		0.74	115.990123	29.570063
西安二郎山风景区		0	109.029139	34.013422
普吉镇		1	98.3922504	7.8804479
大阪城天守阁		0	135.5262015	34.68731519
国家皇宫		1	101.6960913	3.1324989
拉纳克城堡		0	170.627502	-45.861607
营盘寨		0	109.460187	27.934131
全福讲寺		0.72	120.846313	31.119676
南翔老街	4A	0	121.314684	31.297022
荆州关帝庙	3A	0.7	112.204365	30.355283
海神庙		0	115.1	-8.64
报国寺		0.72	103.449947	29.574401
大炮台		0.76	113.553878	22.200028
悉尼海德公园		0.72	151.2112732	-33.87313684
孔庙	4A	0.72	116.421431	39.95234
阿尔卡萨尔城堡		0	-4.0226849	39.8577545
富安桥		0.72	120.85685	31.119269
西千佛洞		0.72	94.371612	39.982233
玉龙寨		0	112.075099	23.110035
圆津禅院		0	121.061262	31.116267
朱家角城隍庙		0.72	121.055326	31.108981
圣地亚哥航空航天博物馆		0	-117.153779	32.726818
范文澜故居		0	120.546367	30.013098
绍兴秋瑾故居		0.72	120.586235	29.993847
哥伦布纪念碑		0.9	2.1777689	41.3758075
彩虹桥		0.82	117.783041	29.421743
鸿门宴遗址		0.7	109.281158	34.420686
二宜楼		0.74	117.700892	25.027354
黑山头城址		0.7	119.7763107	50.1442675
吴承恩故居	4A	0.72	119.145291	33.53385
卢克索神庙		0	32.63905087	25.69950174
夹山国家森林公园	4A	0.72	111.494434	29.568168
烧香港		0.72	120.90257	30.950819
洛阳桥		0.8	118.687265	24.958398
东湖公园		0.86	118.612516	24.916019
霞海城隍庙		1	121.510101	25.05548745
安平古堡		0.7	120.1606137	23.00151918
佛顶山		0.76	122.39241	30.002568
海子山		0.78	98.998325	32.048681
丰镐房		0	121.2847604	29.68371245
修真观		0.7	120.500256	30.747759
大峡谷西峡		0	-113.230716	36.146389
十二生肖塔		0	103.860589	13.44440267
龙山寺		0	109.1801597	12.2501925
须弥福寿之庙		0.7	117.948778	41.015751
菩提岛	4A	0.76	118.837842	39.143705
普兰巴南神庙		0	110.4914669	-7.752023858
南禅寺		1	135.79325	35.01125
抗日纪念碑		0	121.1171045	24.02582093
西本愿寺		1	135.7517346	34.9914831
青岛华严寺		0.7	120.688145	36.211033
黄帝故里	4A	0.82	113.733664	34.406605
老舍故居		0.7	120.331833	36.062504
玉华宫风景名胜区	4A	1	108.956801	35.349484
德寿宫		1	126.9751461	37.5658049
净影风景区		0.7	113.184538	35.41665
独柱寺		0	105.8335811	21.0358362
罗卡雅苏塔寺		0	100.5523751	14.35551901
班夫国家公园		0	-115.5555555	51.1236111
元谋人遗址		0.72	101.919348	25.680369
靖西旧州景区		0.82	106.424957	23.06454
陆军讲武堂		0.72	102.707881	25.053541
海春轩塔		0	120.292233	32.822677
西班牙阶梯		0	12.4805657	41.9059846
银阁寺		1	135.7982055	35.02702157
羊八井镇		0	90.54588	30.101062
宝莲禅寺		0.7	113.919239	22.258406
塔山寺		1	104.9230499	11.5761416
息心寺	3A	0.72	120.348313	33.794136
王国维故居		0.7	120.543946	30.406969
振风塔		0	117.0599008	30.5081479
云中大T		0.7	119.600523	27.812653
古德寺		0.7	114.313132	30.624637
许村		0.7	118.333487	29.997179
夫人城		0.7	112.154209	32.028898
忠勤祠		0.7	118.255056	36.926003
安徽会馆旧址		0.7	116.389436	39.899636
旧城广场		0	14.4034785	50.0877305
巴林左旗召庙	3A	0.7	119.376537	43.852821
文殊山石窟	4A	0.72	98.35903	39.660207
美泉宫		0.7	16.3122398	48.1848648
红毛城		0	121.4328704	25.17522156
舜帝大庙		0.7	111.982304	25.353479
七老爷庙		0.72	120.894734	30.95025
格拉斯广场		1	-3.194787979	55.9480629
隆昌寺		0.74	119.0908551	32.12863528
中川古村落		0.7	116.821461	24.596598
巴亭广场		1	105.8359981	21.0374631
圣维塔大教堂		0	14.4005114	50.0908918
禹王庙		0.7	120.222247	31.1297
大澳渔村		0.72	112.256691	21.717089
清曼寺		1	98.98927901	18.79386406
南浔古桥		0.7	120.434721	30.875973
泸西文庙		0.7	103.772617	24.537998
艾青故居		0.7	119.886852	29.263019
香妃墓	3A	1	76.042429	39.502291
天坛大佛		0.72	113.916377	22.256961
化觉巷清真大寺		0.72	108.941883	34.262438
桥湾古城		0	96.74781592	40.57723812
国殇墓园		0	98.48811137	25.03255432
袁氏宅邸		0.7	117.201701	39.144618
龙游民居苑	3A	0.7	119.19086	29.028613
金山寺		0.7	119.4966673	25.96179128
崇本堂		0.72	120.717585	31.158238
百间楼		0	120.436185	30.887701
西园		0.72	120.495798	30.612633
熊希龄故居		0.88	109.608475	27.955242
富硒村		0	117.386473	30.030586
湄州岛妈祖庙		0	119.1513373	25.0967193
戚继光故里		0.7	120.760413	37.815925
武岭门		0	121.2920974	29.68917286
瑞庆宫		0	114.718215	29.45729
青檀寺	4A	0	120.417373	36.14176
闸坡中心渔港		0	111.838457	21.580231
黄岩洞陈列馆		0	111.551521	23.328246
涂公祠景区		0	116.571495	31.354728
东林寺	4A	0	121.172349	30.900096
嬉子湖	4A	0	117.068917	30.800909
里务必岛		0.7	102.6980761	25.04762149
赫拉神殿		0	0	0
克鲁姆洛夫城堡		0	14.31516933	48.8129557
他冰瑜塔		0	94.862922	21.168815
小婆罗浮屠		0	115.2337997	-8.6717665
海德堡城堡		1	8.715308338	49.41061918
波上宫		0	127.671099	26.220726
马德里皇家歌剧院		0.7	-3.7127667	40.418299
仙洞沟风景名胜区		0	111.360532	36.165536
莲花山风景区		0	117.901893	36.524577
白玉堂		0	112.424957	27.372995
梁带村遗址		0	110.504765	35.514026
杜甫墓		0	113.625979	28.59436
查普凯土著文化公园		0	145.6949092	-16.8487257
河坊街		0	120.180564	30.24543
红云金顶		0	108.6211412	27.9464725
西双版纳茶马古道景区	4A	0	100.438639	21.99484
牯牛降历溪景区		0	117.502565	29.986607
峨眉山大佛禅院	4A	0	103.50527	29.595534
关帝庙		0	117.0295472	36.67428972
冠山旅游区	3A	0	118.7407321	34.95521523
仿山	3A	0	115.529951	35.101374
宜州刘三姐故里旅游区	4A	0	108.645991	24.507116
金涵畲族乡上金贝畲族寨		0	119.530477	26.71307299
天静宫	3A	0	116.197626	33.550903
丛麻禅院		0	121.3414764	36.9162996
仁慈堂		0	113.551811	22.196903
塔尔坡古村		0	111.026693	35.756553
阿柔大寺		0	100.459329	38.070682
大天后宫		0	120.2015447	22.99661412
南后街		0	119.30388	26.086342
大理古城洱海门		0	100.177334	25.702753
山城步道		0	106.57548	29.556278
Almudena Cathedral		0	-3.714550585	40.4156468
昙华林		0	114.324035	30.556333
河坑土楼群		0	117.065054	24.654789
南丫岛渔民文化村		0	114.1426551	22.20861816
潮州古城		0	116.658611	23.667442
东戴河		0	119.916056	40.039694
涅盘宫		0	103.8947888	13.46329756
河内大教堂		0	105.8490058	21.0287857
嗣德皇陵		0	107.5660486	16.4331554
世界和平塔		0	83.94476859	28.20096654
香通寺		0	102.1431057	19.8975239
邦芭茵夏宫		0	100.5791561	14.2327159
三保公寺		0	100.5789673	14.34422238
皮蒂宫		1	11.2500081	43.76515257
安吉江南红村		0	119.689017	31.076169
德记洋行		0	119.8037339	23.8641813
新桥		0	2.341325535	48.85705
印卓威汉寺		0	100.5023605	13.7663043
黄陵万安禅院石窟		0	108.942257	35.672533
哈德良别墅		0	12.7743988	41.94280243
陶瓷小镇		0	0	0
恩施花花大世界		0	109.204219	30.414197
九架厝战地民俗园		0	118.33997	24.562117
湾仔洪圣古庙		0	114.1823432	22.27838516
塔逊寺		0	103.912977	13.464608
白居易草堂		0	115.973921	29.570437
盖贝依城堡		0	29.88563842	31.21400985
阿南达寺		0	94.867946	21.171086
巴芳寺		0	103.8540387	13.4439036
巴孔寺		0	103.9739569	13.33594095
商於古道棣花古镇文化旅游景区	4A	0	110.199568	33.734952
特园		0	106.55258	29.567214
中国银行旧址		0	120.499415	30.143145
百草敖包		0	117.222564	42.536311
长春孔子文化园		0	125.356791	43.892173
秦皇岛板厂峪长城景区		0	119.579979	40.205494
昌州古城		0	105.749797	29.698161
泰山红门		0	112.234511	22.594517
土家女儿城		0	109.510576	30.275342
寒山寺钟楼		0	120.574907	31.316454
佛莱姆小镇		0	7.8056003	60.3982583
襄阳王府		0	112.164388	32.01983
大理沙溪古镇		0	99.856755	26.323067
张园汉墓		0	115.793986	33.866898
丰都玉皇圣地景区		0	107.711605	29.883055
龙腾断桥		0	120.7738347	24.35844278
拉斯班塔斯斗牛场		0	-3.662978	40.432608
百年老街		0	109.119381	21.488503
柳州文庙	4A	0	109.428439	24.314243
福建土楼客家民俗文化村（洪坑土楼）	5A	0	116.979667	24.656677
大明边城		0	109.218094	27.718141
斗山街		0	118.444693	29.876102
大香林?兜率天景区	4A	0	120.426408	30.033812
荆紫仙山		0	112.066279	35.012524
宜兰乌石港		0	121.83793	24.867874
韦尔纳扎		0	9.683890969	44.13523581
镰仓大佛		0	139.5361539	35.3166995
清迈苗族村寨		0	98.88331202	18.81643105
大城玛哈泰寺		0	100.567471	14.357655
今归仁城遗址		0	127.9263226	26.6919769
桑斯安斯风车村		0	4.8218542	52.47288539
托罗斯广场		0	-3.597031	37.172405
归零地		0	-74.01384	40.711506
金山寺		0	100.5066687	13.7538
上坦村		0	120.635525	27.886592
南丰祠		0	117.030133	36.678095
西塘一日游		0	120.895142	30.94406
腾冲绮罗古镇		0	98.503915	25.026878
亚丁村		0	100.346304	28.461047
盘古山风景区		0	113.315929	32.608605
心斋桥		1	135.5003775	34.6750561
观音桥		0.72	116.023837	29.516573
金龙寺		0	112.633544	34.753344
河仓城		0	94.07800452	40.47674223
布里斯班市政厅		1	153.0235192	-27.46898054
二十四道拐		0	105.209739	25.823996
钦州浦北大朗书院景区		0	109.563741	22.308705
太平街历史文化街		0.72	112.977548	28.19936962
郑王庙		1	100.4889269	13.7436866
贾谊故宅		0.72	112.978488	28.198359
天鹅湖自然风景区		0	115.712628	41.712737
合肥刘园・古徽州文化园		0	117.14972	31.870788
宫原眼科		0	120.6813357	24.1378331
通王城		0	103.859038	13.4408308
巴戎寺		0	103.858696	13.44109
独立广场		0	101.6934238	3.147758219
鲁家村		0	110.27974	25.30181
康提佛牙寺		0	80.6413251	7.293608908
悬壁长城		0	98.183575	39.858648
埃菲尔铁塔		1	2.294481971	48.85837429
归零地（9.11世贸中心遗址）		0	-74.01307898	40.71103457
芙蓉楼	4A	0.74	109.821612	27.198252
澳凼大桥		0.74	113.558622	22.175145
乌布艺术村		0	115.2624778	-8.5068536
玉佛寺		0	100.492658	13.75159051
沉船湾		0	20.62507129	37.85951941
金边皇宫		0	104.9312521	11.563902
飞来寺		0	98.888579	28.450491
郴州永兴银楼		0	113.124467	26.130502
城隍庙		0.7	120.625478	31.317197
婆罗浮屠		0	110.2037516	-7.607873093
曾子庙	3A	0.7	116.323605	35.261447
四天王寺		1	135.516491	34.65334632
桐君山		0.7	119.691262	29.815449
戴笠故居		0.94	118.528115	28.391264
天安门端门		0.7	116.4037246	39.91673648
黄家大院		0.72	119.479326	28.482469
柴迪隆寺		0	99.492675	19.569446
黄花岗七十二烈士陵园	4A	0.7	113.301578	23.146328
文武庙		0	120.4378154	24.04881796
汉普顿宫		1	-0.3375	51.403333
日军最后司令部		0	145.8059961	15.2807977
法隆寺		0	135.7356826	34.6140766
犹美拉赫清真寺		0	55.2654812	25.2338441
关帝庙		0.78	117.8269862	24.45335036
圣马可大教堂		1	12.33971281	45.43456033
陈英士故居		0.7	120.111135	30.87497
丙安古镇		0.8	105.835527	28.475725
大风堡原始森林	4A	0.7	108.388814	30.195765
铜观音寺		0.7	120.392831	31.302306
玉柱擎天		0.72	100.21368	27.022852
甲秀楼	3A	1	106.726237	26.577487
圣墓教堂		0	35.2296	31.77848053
城隍庙		0.7	120.825559	29.595955
龙池山		0.7	119.704639	31.222651
胡志明故居		1	105.836878	21.036762
灵水村		0.7	115.702706	39.978714
燕都古城		0.72	115.484718	39.355406
崇武古城	4A	0.92	118.936188	24.8813
青瓦台		1	126.9748107	37.5866076
清永陵		0.82	124.809197	41.716096
威远炮台		0.78	113.63182	22.801884
观星台		0.76	113.153402	34.4073
圣地亚哥城堡		0	120.9706064	14.59431499
道德中宫		1	115.786837	33.885284
万人冢		0.7	100.223464	25.59487823
唐招提寺		0	135.7848334	34.675561
神龙洞		0.7	105.6759614	25.98799401
初溪土楼群		0.7	116.911873	24.556302
三道堰古镇		0	103.922293	30.868603
塘栖古镇		0	120.196536	30.485762
古山重景区		0	117.935022	24.680328
太极湖村	4A	0	118.708034	30.117549
云明山		0	118.183944	36.457258
石羊古镇	3A	0	101.106531	25.862743
赤滩古镇	3A	0	118.484615	30.730847
德阳文庙		0	104.398012	31.136004
伏虎寺		0.7	103.415586	29.556289
石门悬棺		0	112.096486	38.926304
戴村坝		0	116.551296	35.892423
佗城		0	115.199539	24.067091
贵州梵净山佛教文化苑		0	108.781994	27.828057
佛子岭	4A	0	116.28802	31.315233
杜受田故居	4A	0	117.974809	37.485798
南安凤山寺	3A	0	118.281797	25.195589
圣佑庙	3A	0.72	81.12081	43.168793
中央邮局		0	106.6999357	10.7799219
三江并流		0.74	100.262582	27.027795
雷音寺		0.7	94.679946	40.110668
法雨寺		0.7	122.394025	30.002786
三醉亭		0	113.1004914	29.38815676
显通寺		0	113.596468	39.009653
麦哲伦十字架		0	123.9019531	10.29356796
大伊山	4A	0.72	119.243961	34.323418
春秋楼	3A	0.76	113.834608	34.03102
歌德故居		0	8.677607423	50.11122791
夏宫花园		0	30.01597075	31.2884934
大红袍景区		0	117.972654	27.673729
七珍佛山		0	100.9558552	12.7642692
卡定沟		0	94.176626	29.759486
药泉寺		0	126.449684	33.2453198
五渔村		0	9.7123907	44.128109
观音古洞		0.72	122.382049	29.988375
查汶区夜市		0	99.93639	9.534714
谢赫扎伊德清真寺		0	54.4728821	24.4125432
吉祥密乘大乐林寺	3A	0	122.2664854	43.64189754
段家大院子川西古民居园区		0	104.235118	31.043966
兰州猪驮山景区		0	103.425329	36.253611
桂峰古民居		0	118.543625	26.308715
慈城校士馆		0	121.461245	29.995185
埃斯科里亚尔修道院		0	-4.147727	40.589041
都江堰文庙		0	103.625689	31.006901
大理东莲花村		0	100.31365	25.233622
宁波文昌阁		0	121.290553	29.688011
仿山寺庙		0	115.557978	35.124347
鼓浪屿日本领事馆旧址		0	118.079266	24.450714
天开寺		0	115.902587	39.623592
亚柴蒙考寺		0	100.5923596	14.34561787
普考同寺		0	100.5372345	14.3682617
卢氏盐商住宅		0	119.458464	32.389688
长寿菩提古镇	4A	0	107.050758	29.873756
摩尔外堡礁		0	146.2147064	-16.87990952
香港仔避风塘		0	114.167228	22.247739
阳产土楼		0	118.668361	29.879048
老门东历史街区		0	118.793804	32.017204
巴普昂寺		0	103.8562274	13.4439036
拉斯维加斯黑帮博物馆		0	-115.1434305	36.1727958
漠河县城		0	122.554257	52.985933
红博城千年走一回时光隧道博物馆群落		0	113.315277	22.481879
东海渔家傲赶海		0	119.69347	26.281068
南宅子		0	105.716886	34.581138
拱辰楼		0	100.31396	25.236013
英国领事公馆旧址		0	118.079615	24.446141
辛亥革命纪念馆		0	113.427032	23.077713
小江户川越		0	139.4771758	35.9141008
新绮春园（秋苑）		0	120.261251	29.112743
大龙洞		0	103.786226	27.419974
渔阳古街		0	117.413234	40.050615
梦回大秦		0	109.26843	34.385235
伊林驿站博物馆		0	112.02525	43.728267
东沙古镇		0	122.151613	30.319173
毛利文化表演		0	174.0776422	-35.26432114
东门城楼		0	109.611919	27.953838
南鲁山		0	118.091745	36.256477
秦大士故居		0	118.794424	32.023557
观音苑		0	120.783715	37.829785
黄陂大余湾		0	114.37893	31.032433
尊闻堂		0	120.897741	30.950191
望仙桥		0	120.904876	30.951548
卦山天宁寺		0	112.141352	37.579599
宁皇国际旅游度假区		0	119.116733	30.448734
赵侯祠		0	120.159603	28.717597
广化寺		0	118.998411	25.430943
湘西老家寨		0	109.476552	28.047283
无锡环城古运河景区		0	120.284804	31.581636
侨福楼		0	117.014875	24.666914
青岛韩家民俗村		0	120.282093	36.247025
纽约中国城		0	-73.99815923	40.71695442
慈安慈禧陵		0	117.651993	40.195319
津门故里		0	117.199597	39.147369
仓桥直街历史街区		0	120.583867	30.008226
太子坡		0	110.280802	32.785176
香积寺		0	120.153422	30.304149
华侨围屋		0	116.237068	24.286714
红石门		0	114.3013288	22.51306073
海门天险		0	121.7555084	25.14029121
东岳庙		0	111.119749	36.397795
雨花台烈士陵园	4A	0	118.785604	32.009884
江阴文庙		0	120.27153	31.91112
岘港灵应寺		0	108.218945	16.056047
美奈渔港		0	108.2788853	10.9411941
阿汗寺		0	102.1378075	19.88821614
雷门		0	139.792691	35.710637
海东龙宫寺		0	129.223305	35.188344
卡拉卡拉浴场		0	12.49243878	41.87903738
帕特农神庙		0	23.72671632	37.97152827
托普卡帕故宫		0	28.98202324	41.00954056
辛特拉王宫		0	-9.3906554	38.7976627
魏功甘古城		0	98.99859485	18.75093587
东大门		0	127.008659	37.571259
波波里花园		0	11.24840007	43.76249695
中英分界之地		0	114.237206	22.547944
崖差蒙空寺		0	100.5846016	14.3604336
冷兵器博物馆		0	106.6425	33.156286
明府古城		0	117.028807	36.672411
冼太夫人故里文化旅游景区		0	111.303437	21.565292
状元府		0	117.025985	36.673452
九龙壁		0.74	113.310179	40.098668
裕昌楼		0.74	117.053418	24.597001
圣天使城堡		0	12.466339	41.903053
万神殿		0	12.4768734	41.89860916
毛泽东青年艺术雕塑		0	112.968033	28.187964
大鹏古城		0.7	114.520059	22.600026
圣剑寺		0	103.8718644	13.4619053
兴福寺		0	129.8838472	32.7478944
首里城		0	127.7195198	26.21701344
南天寺		0	150.8491808	-34.4672172
曼德勒皇宫		0	96.0965524	21.9928775
黄果树碑林		0	105.67645	25.994858
阳明山公园		1	121.5407881	25.13657853
锦江里碉楼群		0.7	112.533537	22.264287
中正纪念堂		1	121.5125093	25.03093309
国家清真寺		0	101.6917736	3.142094015
天空塔		0.98	174.762191	-36.848448
惠远古城	4A	0.74	80.918988	43.995421
老市场		0	103.8553049	13.3540044
颛顼帝喾陵		0.7	114.766374	35.73914
云峰景区		0.7	106.095387	26.295115
四面神		0	100.543586	13.744014
百度库水神庙		0	115.1668491	-8.275177687
冬宫		0	30.314528	59.939845
大佛塔寺		0	98.9843917	18.7869693
崩密列		0	104.228797	13.475565
白塔寺		0.7	116.370044	39.929866
钟鼓楼		0.7	116.402348	39.947175
凯旋门		1	2.2950275	48.8737917
黎槎古村八卦景区		0	112.639019	22.938372
石塘曙光园	3A	0	121.623918	28.263703
大清邮局		0	121.060185	31.113169
青藤书屋		0.78	120.585135	30.00108
周恩来纪念馆	3A	0.7	120.592536	30.008172
铜山古城		0	117.5427264	23.73855852
慧济禅寺		0.7	122.392426	30.018257
万年寺		0.74	103.482024	29.599739
三味书屋		0	120.592195	29.99930316
石鼓镇		0.7	99.96151	26.869708
德远堂		0.72	117.6800414	24.61982498
屯溪老街		0.8	118.30858	29.71514
和平古镇		0.72	117.309117	27.163703
朱仙镇岳飞庙		0.74	114.26924	34.619633
陈家沟		0.72	113.156027	34.950523
刘少奇故居		0.7	114.30243	30.596951
西施故里	4A	0.78	120.246277	29.697933
天后宫		0.8	118.59565	24.900753
罗汉寺		0.7	120.296257	31.106885
大和旅馆旧址		0.7	121.650941	38.926312
龙安寺		1	135.71825	35.0345
白金汉宫		1	-0.14189	51.501364
马家大院		0.7	114.5778689	38.15317104
文庙		1	105.836387	21.030009
明中都鼓楼		0.72	117.568873	32.868727
数学桥		0	0.1150185	52.2021823
俞源太极星象村		0.72	119.670434	28.777592
瑞金革命遗址		0.7	116.07972	25.912301
白水寺	3A	0.7	112.774077	31.981668
徐霞客故居		0.7	120.329613	31.715761
盐官古镇		0.72	120.549944	30.41246
总督府		0.72	120.331038	36.0705813
七宝古镇		0.7	121.357731	31.163619
神龙山巴人石头城		0.7	106.64597	30.450783
宋井		0.76	117.1122568	23.40287506
司徒庙		0.7	120.3802	31.294345
八大关别墅群		0.72	120.354143	36.050149
托玛侬神庙		0	103.8776538	13.447251
黑井古镇	3A	0.74	101.752278	25.370537
新市古镇		0.72	120.296121	30.61918
中国搁船尖		0.7	118.896438	30.015826
伊势神宫		0	136.725793	34.45501
陈抟庙	3A	0	115.673522	33.875281
洪谷山风景区		0	113.723181	36.007069
向警予纪念馆	3A	0	110.5960483	27.91104692
文庙	4A	1	102.650646	37.929819
渔人堡		0	19.034613	47.501786
三保庙		0	102.2551773	2.198584
莫扎特故居		0	13.0439126	47.80270341
好莱坞星光大道		1	-118.3255647	34.0985259
莒光楼		0	118.330205	24.429825
悉尼海港大桥		0	151.2107871	-33.8523063
贝多芬故居		0	7.101247787	50.73686218
枫桥		0.8	120.571639	31.32104
天后庙		0.7	114.204008	22.28523
少昊陵	3A	0.72	117.045331	35.615203
三义宫		0.7	115.68439	39.007821
莲花净土实胜寺		0.7	123.434393	41.812129
徐志摩故居		0.7	120.701192	30.53418213
茶胶寺		0	103.88232	13.4445642
赞普林卡	3A	0.7	101.275252	36.686738
佛山祖庙		0.98	113.114909	23.033598
龙山寺		0	121.5015955	25.03638725
延庆寺塔		0.72	119.465348	28.458975
618战备电台旧址	3A	0.7	118.011478	36.232439
香雪海		0.7	120.377257	31.29323
湖南炎帝陵	4A	1	113.676866	26.422129
偏岩古镇		0.72	106.663647	30.009208
胡志明陵		0	105.8346466	21.03677694
文游台		0.7	119.454574	32.801454
宗庙		1	126.994143	37.574583
塔普伦寺		0	103.8893051	13.43479377
贺龙故居		0.7	110.175061	29.480996
光化门		0	126.993889	37.574722
毛泽东词亭		0	114.3091012	30.55027183
灰汤华天城温泉		0.72	112.362326	27.986555
圣马可广场		1	12.33847204	45.43416633
梦泉生态旅游区	3A	0.7	118.152691	36.439698
八咏楼		0.72	119.669749	29.10402
上野恩赐公园		0	139.7739818	35.7153358
雅尔湖千佛洞		0.7	89.488521	42.991858
庞统祠墓		0.72	104.474946	31.295795
东林书院	4A	0.8	120.315031	31.582805
云洞岩	4A	0.74	117.760171	24.506105
~山	5A	1	110.820501	26.401036
三峡清水祖师庙		0.8	121.3703752	24.93381137
鼓楼		0.78	117.187836	39.147399
醍醐寺		1	135.8195556	34.95105556
平遥民居		0.7	112.1959882	37.20692994
红军总政治部旧址		0.78	106.927822	27.696099
袁嘉谷故居		0.72	102.498958	23.719137
赣州文庙		0.72	114.955757	25.861345
五雷山风景区		0.7	111.255681	29.438227
古劳水乡		0.72	112.951113	22.820547
许国石坊		0.72	118.442196	29.87174
石碇老街		1	121.6606603	24.99090793
犍为文庙	3A	0.7	103.959041	29.209749
庐山东林寺		0.76	115.955933	29.605061
真武阁	4A	0.78	110.56708	22.86134
和平宫		0	4.295602798	52.08659116
巴国城		0	106.479481	29.502433
唐寅园		0	120.598425	31.283602
李先念故居纪念园	4A	0	114.527366	31.154696
妈祖文化村		0	113.566094	22.127409
观音莲花苑		0	113.5636838	22.18870354
五龙宫		0	111.042764	35.749703
遵义会议旧址		0	106.926266	27.694182
丽水古街		0	120.742187	28.342125
美森谷地		0	108.109235	15.7916993
台南孔庙		0	120.2043088	22.99045135
佛光山寺庙		0	120.4453197	22.7557018
孟姜女庙		0	119.907827	40.006693
法喜寺		0	120.098736	30.233787
姚安路军民总管府		0	101.209116	25.593359
荆州关羽祠	3A	0	112.19049	30.353897
贵妃园		0	110.566624	22.861881
瀛东村东湖景区		0	121.85317	31.46798
仁里古村		0	118.383061	29.976176
浮盖山峡谷漂流		0	118.486595	28.305741
微子文化苑		0	117.251908	34.664421
昆山亭林园	4A	0	120.95573	31.396981
曲江寒窑遗址公园		0	108.997584	34.204789
湘西陈斗南宅院		0	109.611489	27.953933
托林寺		0.78	79.807188	31.486862
塔院寺		0.76	113.602522	39.013439
孔城老街景区		0	117.089091	31.037632
紫云寺		0	111.558269	35.572934
沈阳太清宫		0	123.4543232	41.81049398
卡萨罗马城堡		0	-79.40944422	43.67803734
华盛顿广场		0	-122.4099791	37.8008473
终南山古楼观		0	108.335392	34.064947
梅岭紫清山		0	115.730229	28.733244
源头古村		0	117.613255	29.403573
双门石窟		0	121.450524	28.443651
佛香阁		0	116.28037	40.005292
惠山寺		0	120.276864	31.585879
府文庙		0	118.596567	24.911568
三平寺		0	117.495951	24.354142
打虎亭汉墓		0	113.299817	34.518038
武夷宫		0	117.978881	27.648652
千佛宝塔		0	116.149957	24.310956
延生观		0	108.309032	34.06799
杨柳村		0	118.477419	32.057918
吴都阖闾城遗址博物馆		0	120.13548	31.524294
祁藻故里		0	113.074222	37.94469
龙凤古镇	4A	0	105.639579	30.443941
柳州三江县丹洲古镇景区	4A	0	109.452275	25.378445
明光寺景区		0	117.84959	35.590944
临江屯		0	119.990304	51.419062
上青古道		0	120.645756	29.902416
阿尼克城堡		0	0	0
Labourdonnais城堡		0	57.6198087	-20.0705215
明清古民居博览园（明清文化园）		0	115.767747	28.791383
土堂净因寺景区		0	112.446921	38.003752
黔阳古城		0	109.825401	27.196121
文殊寺		0	98.34813	39.653181
无为寺		0	100.12588	25.729735
亚庇城		0	116.0729063	5.983013967
曼谷金佛寺		0	100.52997	13.766544
八坂神社		0	135.7785539	35.00365558
伊斯蒂克拉尔清真寺		0	106.83139	-6.17017
桑莫纳		0	172.762344	-43.575054
斯福尔扎城堡		0	9.179332733	45.47047524
学院美术馆		0	12.328462	45.431259
贝勒贝伊宫		0	29.04013443	41.04255295
阿尔卡拉门		0	-3.688736349	40.41999291
蒙锥克城堡		0	2.165064007	41.36295819
日内瓦市政厅		0	6.147038341	46.2008865
高台寺		0	135.7811111	35.00077778
知恩院		0	135.7823792	35.00541687
北野天满宫		0	135.7351111	35.03141667
马里马里文化村		0	116.2027022	5.9733988
长春观		0	114.107106	36.045454
西安孔庙		0	108.95934	34.26051
法塔赫布尔西格里		0	77.67091	27.103908
约克肉铺街		0	-1.0800759	53.9593872
阿布扎比民俗村		0	54.331344	24.47671839
会安古镇		0	108.3285836	15.8771941
龙达斗牛场		0	-5.166996814	36.7424101
帕司山碧佛寺		0	100.5585321	14.35596314
波塞冬神庙		0	24.02458766	37.65019183
叶卡捷琳娜宫		0	30.39565311	59.71612303
阿格拉堡		0.82	78.02111265	27.1795322
泰坦尼克号游客中心		0	-5.9096665	54.6079372
阿姆斯特丹杜莎夫人蜡像馆		0	4.89258897	52.37252274
贺兰山福因寺（北寺旅游景区）	4A	0	105.914221	38.98474
会稽山龙华寺		0	120.412159	30.025606
三江鼓楼		0	109.618845	25.787771
惠州巽寮湾天后宫		0	114.733315	22.993066
旧中区警署		0	114.16565	22.284822
花水寨旅游景区		0	112.581836	22.36714
同兴当铺		0	119.705382	32.92017
古石城		0	110.430814	24.922322
蒋公祠		0	100.167111	25.701649
大觉禅寺		0	117.635222	49.534805
寸氏宗祠		0	98.461691	25.015537
湖南省立第一师范学校旧址		0	112.978337	28.181436
哈尔滨极乐寺		0	126.670959	45.782229
九龙城寨		0	114.194173	22.324615
T头古村		0	119.042596	26.903913
吴越古道		0	119.124492	30.350678
张掖丹霞口旅游度假小镇		0	100.103746	38.996288
尧帝古居		0	111.479822	36.052182
百花洲历史文化街区		0	0	0
福建南靖田中赋土楼群		0	117.127123	24.626925
祈年殿		0	116.419282	39.889927
回音壁		0	116.419564	39.884432
圜丘		0	116.419632	39.882351
邛州园		0	103.341105	30.348892
金山	5A	0	119.422238	32.219796
上清古镇		0	117.039438	28.050607
敏贡佛塔		0	96.017307	22.050908
因瓦古城		0	95.98193359	21.85735321
指南村		0	119.584581	30.366758
芒砀山大汉雄风景区		0	116.510976	34.18856
鸠山会馆		0	139.7290536	35.7138272
松本城		0	137.9689551	36.238652
大甲镇澜宫		0	120.623571	24.345234
法善寺横丁		0	135.5026133	34.6678767
刀郎乡里		0	77.699877	39.013786
罗洛士群		0	103.850257	13.3522909
槠溪老街		0	117.926675	28.491606
查龙寺		0	98.33691509	7.846878998
弗林德斯火车站		0	144.9670618	-37.81827112
舍农梭堡		0	1.0703005	47.3248696
特莱维喷泉		0	12.483314	41.900926
不周神山景区		0	121.763138	29.213628
毛利文化村		0.96	176.2455292	-38.12731171
马里安曼印度庙		0	101.6964979	3.143416
金祖山风景区		0	115.926742	39.743434
宋庆龄故居	3A	0.7	116.389564	39.951738
象窟		1	115.2871564	-8.523437873
圣泉寺		0	115.3182936	-8.4165504
二王庙		0.72	103.617179	31.012103
闽南小院		0	118.086347	24.46042
天津利顺德博物馆		0	117.222975	39.127119
雪窦寺大佛景区		0	121.290544	29.688006
神农坛		0.72	110.401218	31.478588
荔波樟江	4A	1	107.753751	25.255867
大通学堂		0.72	120.577978	30.010979
德国监狱博物馆		0	120.331802	36.070369
鸠兹古镇		0	118.473303	31.374645
贵州宣慰府		0	105.61182	27.165208
浯溪碑林	4A	0.84	111.855427	26.570362
石堰坪千年古寨		0	110.892513	29.050217
古观象台		0.7	116.440635	39.913348
永乐宫	4A	0.94	110.699807	34.723637
魏氏庄园	3A	1	117.759599	37.297393
永福龙山寺		0	121.3370418	24.88324216
天宝宫		0.76	113.666496	34.161628
宝成寺		0.7	120.1710415	30.24088684
楚皇城城址		0.7	112.3251997	31.6617891
南安寺塔		0.72	114.576925	39.844082
平型关战斗遗址		0.7	113.980365	39.366708
张宗禹墓		0	117.386084	38.479865
唐寅祠		0.7	120.6191	31.326983
双塔		0.7	110.776913	35.13879088
酒乡东浦		0.7	120.5433185	30.05999511
张坊古战道	3A	0.7	115.715203	39.56611
李贽故居		0.76	118.587549	24.894578
秃黑鲁克帖木尔汗麻扎		0.8	93.501259	42.816477
君子垌客家围城群		0	109.733073	22.847237
宰相村		0.7	111.22641	35.361886
回车巷		0.84	114.492267	36.612962
孝禅寺		0.7	116.623288	23.724378
宋哲元墓		0.7	104.7877873	31.4796038
文成公主庙	3A	0.74	97.074709	32.897885
梅村泰伯庙		0.7	120.4412726	31.54469531
瑞光塔		0.7	120.6185	31.289152
范世昌墓		0	103.2438692	24.03316107
王村仙潭		0.7	119.983049	28.320143
平鲁烈士陵园		0.7	112.2839	39.510333
仙佛寺石窟		0.7	109.459914	29.532644
何家大院		0.7	112.331265	37.36178
风雷塔		0.7	118.051151	28.942541
莫州扁鹊庙		0.7	110.710849	34.871399
栖霞寺		0.8	112.483486	23.084494
封阳古城		0.7	111.7776746	23.89784893
普济桥		0.7	112.755921	38.894586
诸葛墓祠		0.7	104.19527	31.348265
密印寺		0.7	120.6760867	27.92770202
万部华严经塔		0.76	111.894211	40.844336
桓侯祠		0.7	104.773653	29.354736
元淑墓志		0.7	113.390993	40.049841
三元塔		0.72	110.106641	20.909601
江西会馆旧址		0.7	116.380756	39.905603
洵贝勒府		0.7	116.380855	39.920575
东北大学旧址		0.7	123.424417	41.770878
林探花府		0.7	117.303593	34.068611
